地点,短评,天数,人均费用,人物,玩法
平遥,写一封信，寄给春天——守护之城，平遥等你！【附平遥古城全新游玩攻略】,3,1000,三五好友,短途周末 美食 古镇 夏季 冬季
句容,自驾去江苏宝华山千华古村夜太美1500年隆昌寺竟然是律宗第一山,2,500,三五好友,深度游 自驾 摄影 跨年
伊春,伊春完美的清凉夏日、洗肺、避暑4日游,4,800,三五好友,深度游 毕业游 摄影 夏季 赏秋
霞浦,霞浦---醉美的滩涂，最美的摄影地,5,1880,三五好友,深度游 摄影 冬季
平遥,平遥一座注定以行走为使命的城【附平遥古城旅游攻略】,3,800,情侣,第一次 古镇 婚纱 踏春
莽山,湖南郴州莽山～高椅岭～东江湖～小东江最完美的攻略,3,1000,三五好友,短途周末 跨年
平遥,冬雪过后一定是春暖花开，疫情结束后的必备旅行清单【附平遥一年四季旅行攻略】,2,800,三五好友,深度游 春节 夏季
大连,错峰自驾游，慢慢体会大连的美,12,2000,家庭,自驾
宁波,触手可及却比远方更远，我想私藏这座世外小岛,3,2000,三五好友,海滨海岛 摄影 游轮 徒步 踏春
马六甲,东马漂流记|用60个小时记住你,4,1100,三五好友,跨年 人文 第一次
澳门,妈阁是座城——用7天认识澳门,7,2000,独自一人,深度游 冬季
清迈,夜市+SPA+飞跃+大象+无边泳池，便宜舒服清迈四天自由行,4,2000,情侣,第一次 美食
扎达尔,不穿衣服游欧洲，克罗地亚，一个奇妙的国度,5,1500,三五好友,第一次 深度游 自驾 春节
三亚,最省钱的三亚17日深度游,17,2500,家庭,深度游 寒假
九寨沟,【史上最强】最完美最省钱四川成都九寨峨眉乐山11DAYS,10,2500,家庭,第一次 穷游 摄影 暑假
上海,上海美食之旅,3,400,家庭,穷游 美食 古镇 春节
成都,成都5日游,5,500,三五好友,穷游 春节
桂林山水,桂林山水的休闲式玩法,3,2000,三五好友,深度游 美食 摄影 寒假
桂林,桂林三天两夜自助游,3,500,三五好友,深度游 寒假
北京,北京萌叔一家自驾海南，不急不赶，一路向南,4,1500,亲子,自驾 春节
西安,漫游古城西安和华山,4,1200,三五好友,短途周末 环游
成都,成都，精致又好吃的一座城市，是我的最佳境外航班中转基地,1,1400,三五好友,购物 美食 摄影 赏秋
安吉,滑雪+温泉，这才是浙江的冬天该有的正确打开方式！,2,1500,三五好友,深度游 短途周末
重庆,打卡我心心念念的魔幻3D城市—重庆,3,2000,三五好友,美食
周庄,冬日邂逅江南第一水乡，有一种生活叫周庄,4,2000,三五好友,短途周末 摄影 古镇 寒假
阿尔山,2018年10月底呼伦贝尔租车自驾5天，深秋，阿尔山满洲里,5,2300,情侣,深度游 自驾 穷游 国庆 冬季
苏州,苏州之行,4,2000,独自一人,第一次 购物 美食 春节
丽江,昆明大理丽江6日游,6,2500,情侣,第一次 古镇 穷游 春节 冬季
成都,第一次去成都吃火锅,9,2000,亲子,第一次 穷游 美食 暑假
成都,3天2夜逛吃成都，在蓉城度过幸福感满满的周末,3,1000,三五好友,美食 跨年 春节
梅州,客家民居不都土得掉渣洋盘起来就是金枝玉叶如肇庆堂设计者脑回路清奇,1,100,三五好友,深度游 自驾 摄影 跨年
建德,新安江畔千年古城，建德航空小镇带你圆梦蓝天,3,1800,亲子,短途周末 自驾 摄影 寒假
建德,杭州周边小众研学亲子游，在建德新联航空基地坐直升机看千岛湖,3,2000,三五好友,第一次 美食 摄影
成都,我带你去游川西（二）作者黎明之光,14,450,家庭,自驾 国庆
金坛,春节去哪？江苏茅山自驾冬游记：约泡竹海小野温汤，山宿隐奢网红酒店,3,800,闺蜜,短途周末 自驾 温泉 春节 冬季
北京,北京5日游-带父母,5,2300,家庭,穷游 冬季
广州,广州亲子带你看看爸妈梦开始的地方（长隆野生动物世界二日游）,3,2000,家庭,短途周末 寒假
平遥,2020全年攻略+春节度假预告：邂逅最美平遥，感受中国年味,2,800,三五好友,深度游 古镇 春节 冬季
成都,【天府之国】说走就走的美食之旅，4日小游感受魅力成都,4,1500,情侣,深度游 短途周末 美食 跨年
成都,成都周边博物馆,5,200,独自一人,穷游 摄影 探险
长沙,带娘亲打卡长沙景点TOP5，却被暴雨逼成美食博主...,2,2200,家庭,短途周末 美食 五一 夏季
厦门,厦门人少景美怎么玩——小萌娃的亲子旅拍全记录,1,2000,亲子,海滨海岛 寒假
苏州,湖光文旅沪苏杭,5,1500,家庭,环游 赏秋
川西,我带你去游川西（一）作者黎明之光,14,450,家庭,自驾 国庆
成都,来成都滑雪、爬山、吃美食，你不知道的新玩法,5,2000,独自一人,美食 滑雪 古镇
雪乡,去东北，赏一场被上帝亲吻过的雪,10,1000,独自一人,深度游 徒步 摄影 圣诞
建德,走进杭州建德新联航空基地，收获一场意义非凡的航空研学之旅,3,2000,亲子,第一次 美食 古镇 跨年
理县,冬日川西，许你一个雪后王国【毕棚沟+太子岭+成都美食推荐3日游】,3,1500,三五好友,短途周末 自驾 滑雪 冬季
丽江,彩云之南昆明大理丽江之行,3,1000,独自一人,穷游 美食 摄影
三亚,年末记｜逃离北方寒冬，带娃暖游三亚,4,2000,亲子,短途周末 冬季
平遥,【宝藏纪念】山西，古城，石窟，大院，我在这个元旦的小欢喜,6,2000,三五好友,第一次 古镇 跨年 冬季
石河子,新疆冰雪双城记｜收获一趟幸福感爆棚的旅行,3,1500,三五好友,美食 摄影 冬季
克拉玛依,克拉玛依，我在冬季遇见你，荒野冰雪醉美是你！,5,2000,三五好友,美食 温泉 滑雪 冬季
成都,成都，一个来了就不想走的城市，这个秋冬再度与美食美景相约（3天2晚小众美食美,3,1500,三五好友,自驾 美食 摄影
海口,贰人海岛穷游记,10,2340,亲子,第一次 深度游 穷游 赏秋
哈尔滨,冰雪之冠，魅力冰城——哈尔滨三日游攻略,3,1700,独自一人,短途周末 滑雪 冬季 寒假
深圳,“意”味“深”长，给你一份30小时的深圳文艺漫步地图,2,2000,独自一人,深度游 短途周末 摄影
定州,【暴走刷保】一日刷尽定州保,1,200,独自一人,深度游 短途周末 古镇 夏季 暑假
三亚,三亚看日出日落，一篇攻略为你囊括所有目的地,4,2000,家庭,深度游 冬季 寒假
平遥,2020平遥古城自由行+新年度假攻略预告，平遥古城精华游纯干货分享~,3,1000,三五好友,深度游 美食 古镇 冬季
珠海,海底探秘，尽在珠海长隆海洋王国,1,500,亲子,短途周末 自驾 圣诞
平遥,前方到站平遥古城，开启古城的穿越旅行,3,800,情侣,第一次 美食 古镇 冬季
万宁,心灵的分界岛：上一站不高兴，下一站贼开心,3,1300,家庭,短途周末 自驾 海滨海岛 冬季 寒假
青岛,猝不及防闯入你的容颜｜你好，青岛！（青岛文艺小众游攻略）,3,2000,三五好友,短途周末 摄影
厦门,在厦门过暖冬☀️（三日两夜）,3,1785,家庭,短途周末 美食 冬季
哈尔滨,冰城冬韵——哈尔滨,3,1500,亲子,第一次 短途周末 冬季 寒假
丽江,看，云蓝（昆明+大理+丽江）,8,1800,家庭,第一次 冬季
莫干山,莫干山中隐，静闻铸剑声,2,600,闺蜜,第一次 短途周末 端午 夏季
广州,走走走游游游之国庆广州四日游,4,2800,亲子,第一次 国庆
乌镇,乌镇西塘3日游,3,1000,独自一人,第一次 短途周末 古镇 冬季
凤凰,走进“文学之父”沈从文的家乡，凤凰古城,3,2000,闺蜜,第一次 夏季
平遥,平遥古城攻略在北纬37度，慢慢地听，雪落下的声音,3,1200,亲子,深度游 美食 古镇
深圳,深圳都市里的宝藏小镇甘坑客家小镇故事,2,100,独自一人,短途周末 环游 美食 赏秋
平遥,2020年元旦|许我一场晋善晋美的梦--山西5天精华游攻略,5,1500,三五好友,深度游 美食 古镇
黔南,独山夹缝岩溯溪徒步，穿越草海，找寻原乡,3,800,三五好友,深度游 国庆
平遥,不平常，不遥远（我在平遥古城的10个体验）,3,800,家庭,深度游 古镇 冬季
香格里拉,秘境深处——巴拉格宗：行一步圣域清净，窥一眼十相自在,3,2000,家庭,深度游 摄影 赏秋
无锡,无锡旅行冬季的太湖鼋头渚，邂逅成千上万的“水上精灵”,2,1000,三五好友,深度游 游轮 摄影
重庆,魔幻山城，千里广大——重庆,4,2009,三五好友,第一次 冬季
延吉,小鲁面の两天零一夜带你漫游“小首尔”『这里不仅有美食，延吉应该这么玩』,2,500,三五好友,深度游 短途周末 摄影 中秋节
三亚,这个冬日，沉醉在碧海蓝天的梦里,1,1233,三五好友,夏季 冬季
厦门,换一种厦门玩法，享受地道的美食与风光,4,2500,情侣,深度游 美食 摄影
三亚,三亚攻略丨北纬18°，南国的温度,3,2000,三五好友,自驾 穷游 美食 冬季 寒假
长沙,毕业24年，和同学的第一次旅行（长沙自助游）2019.11.30-12.2,3,500,三五好友,短途周末 毕业游 美食 冬季
香格里拉,“野路”少年的玩法——尼汝徒步日记,3,1000,情侣,第一次 寒假
阿尔山,小鲁面の来自阿尔山的召唤·手把手教你畅游阿尔山『全是干货，进来瞧瞧』,4,2000,家庭,深度游 自驾 摄影 国庆
香格里拉,尼汝村徒步最全攻略，上百张图近万字告诉你最后的秘境有多美！,2,800,情侣,徒步 摄影 探险 冬季
重庆,重庆3日游,3,1600,情侣,美食 摄影
德钦,自驾滇西北，遇见香巴拉｜迪庆72小时西环线自驾全攻略,5,2500,三五好友,深度游 冬季
杭州,走进西溪湿地，走近世外桃源般的度假胜地——十里芳菲,2,1500,独自一人,第一次 短途周末 赏秋
平遥,【纯干货】秋去冬来圆梦古城，一份平遥古城自由行攻略请收下！,3,600,三五好友,深度游 美食 古镇 冬季
房山,听我的，这个红叶季，一定要去坡峰岭过《向往的生活》,2,500,三五好友,短途周末 摄影
成都,听说你要去成都旅行？这篇local的吃喝玩爽攻略已安排～,2,499,三五好友,深度游 短途周末 美食 国庆
沈阳,沈阳周末游,1,100,独自一人,短途周末
成都,博物馆控的3日成都行，展览与美食都不可辜负,3,1500,三五好友,深度游 美食 赏秋
文成,玩转浙南山区刘伯温故里，少数民族风情浓郁，红色旅游特色鲜明,3,1000,三五好友,深度游
安阳,河南安阳3日游，追忆一个王朝的缩影,3,2000,三五好友,深度游 自驾 踏春 冬季
长沙,｛默言｝打个飞的去长沙,3,1500,三五好友,短途周末
平遥,晋中行（平遥古城、乔家大院、王家大院等）,5,2800,闺蜜,古镇 冬季
成都,金秋十月，穿上秋裤，来邂逅一场冰与火的成都（72小时解锁不一样的成都）,3,1000,三五好友,短途周末 自驾 美食 赏秋 寒假
无锡,无锡旅行漫步江南水乡惠山古镇，寻找帝王的足迹,2,1500,三五好友,深度游 美食 古镇 冬季
厦门,【带着旺仔去旅行】厦门：初冬里，日光倾城,5,2500,家庭,第一次
拉萨,一座城，一本书，跨越时间和空间去发现,4,2000,独自一人,第一次 冬季
哈尔滨,致一场说走就走的旅行#一路向北之大东北?听雪落下的声音,7,2000,情侣,滑雪 国庆
怀化,自驾游湖南怀化，四天三晚穿越古今！,4,2500,三五好友,自驾 美食 摄影
重庆,微辣是这座城市的底线,4,1500,三五好友,美食 摄影 古镇 冬季
杭州,【诗画浙江】畅游杭州杨梅岭，体验新颖的农家生活,3,1500,独自一人,短途周末 赏秋
华沙,忧郁而美丽的波兰，一朵浴火绽放的东欧玫瑰,1,5,情侣,第一次 深度游 春节
兰州,金城兰州3日奢华美食之旅，大口吃肉大口嗦面（附路线图+餐厅点评）,3,1500,三五好友,第一次 深度游 美食 春节 国庆
桐庐,深秋桐庐丨庭前落英缤纷，慢下来、与山野相处,3,2500,三五好友,短途周末 自驾 美食
三亚,发呆、晒日光浴、吃美食……是时候到三亚去猫冬了,3,2000,三五好友,短途周末 美食 海滨海岛
婺源,让爱更近一些（九华山，婺源，浮梁古县衙，景德镇，查济古镇，合肥包公园）,10,2325,家庭,古镇 赏秋
切尔,前方！核能预警——重返“生命禁区”切尔诺贝利,1,800,三五好友,深度游 摄影 探险 夏季
成都,北方冷了，来我们爱的成都，3天2晚让美食美景温暖我,4,2500,情侣,美食 冬季
广州,没有什么拉轰的名字能描述出来的美好回忆,7,2500,三五好友,第一次 自驾 国庆
松阳,松阳3日深度游，探寻最后的江南秘境,3,2000,三五好友,深度游 摄影 古镇 赏秋
都匀,奔赴一场盛大的青春：《陈情令》取景地贵州都匀之旅,4,1500,闺蜜,摄影 短途周末 赏秋
太原,KK山西，一次秋的“碰撞”,5,2900,闺蜜,徒步 摄影 赏秋
佛山,周末出游｜2天1夜顺德美食美景享不停~,2,1000,闺蜜,美食 摄影
重庆,重庆自由行,6,2200,家庭,美食 古镇 摄影 赏秋
陵水,暖暖冬日，以爱之名，邂逅海南陵水最美网红打卡地,3,2000,情侣,自驾 潜水 海滨海岛 暑假 国庆
无锡,错过你春天的浪漫，邂逅你秋天的斑斓,2,1000,三五好友,短途周末
秭归,三峡大坝新攻略，去秭归就对了，两个5A景区一百元，超值良心价,2,500,三五好友,深度游 短途周末 自驾 端午 中秋节
重庆,西安出发双飞重庆两天三顿火锅快乐的自由行之旅,3,1500,三五好友,穷游 美食 摄影
杭州,江南忆，最忆是杭州；何日更重游！,10,500,独自一人,第一次 万圣节
重庆,曾是少年|重庆四十小时,3,600,三五好友,短途周末 美食 摄影
三亚,小夫妻旅行录丨辞职去旅行，三亚是我们新生活的第一站！,3,2000,情侣,深度游 自驾
留坝,自驾秦岭南坡秘境，看遍汉中最美秋景,3,1800,三五好友,短途周末 赏秋
克拉玛依,初看奇丑细瞧魔幻学名恶地就在在独库公路天山脚下很多人没见过！,1,150,三五好友,深度游 自驾 摄影 赏秋
重庆,重庆旅游网红奥陶纪怎么玩儿？两日游宝典请收好,2,600,情侣,短途周末 自驾 赏秋
北京,圆自己的北京梦,3,1700,情侣,短途周末
黟县,徽州秋韵行,5,1500,三五好友,自驾 古镇 赏秋
黑水县,达古冰川-毕棚沟-熊猫基地半自由行,4,1500,闺蜜,穷游
潮州,潮州胡吃海塞瞎玩三天半,4,1200,三五好友,第一次 赏秋
台州,山海台州渔村故事，初秋的温岭独具浪漫,3,2000,三五好友,深度游 短途周末 自驾
武当山,徒步五龙宫独游武当山,4,2700,独自一人,深度游 徒步 摄影 赏秋
德黑兰,探索淳朴的波斯帝国之伊朗小记（持续更新中）,8,1730,独自一人,第一次 穷游 美食 国庆
杭州,千面萧山，在旧时光里追忆最美江南,2,1000,三五好友,深度游 短途周末 古镇
北京,为！故都的秋！,3,2000,闺蜜,第一次 穷游 赏枫 赏秋
成都,喝茶、撸串、逛书店，长途自驾后的成都休闲时光,4,2000,三五好友,美食
无锡,太湖之上，再会无锡秋日最美的时刻。,2,2000,三五好友,摄影 赏枫 古镇
顺德,不是网红做的游记的游记,4,2000,三五好友,第一次 美食 古镇 赏秋
镇江,西津渡最强攻略｜打卡镇江“新”地标，与古渡来一场千年的对话！,2,1000,三五好友,短途周末 美食 摄影
牡丹江,有一种雪❄️只有去过雪乡才会懂,3,800,情侣,短途周末 冬季
西安,长安美食十二时辰丨愿每个时辰都有美食温暖你的胃,1,800,三五好友,自驾 美食 夏季 冬季
成都,生活有你，美食有我‖和我一起感受与众不同的美食,3,1500,闺蜜,短途周末
重庆,勒是雾都！时隔几年再游山城重庆,4,1521,独自一人,深度游 摄影 冬季
文成,旅游浙江最美小城，风景秀丽还是名人故里,4,2000,情侣,短途周末 美食 摄影
深圳,打卡深圳福田，亲身感受南粤之都的魅力,3,2500,三五好友,美食 摄影
三亚,三亚有我甜甜的恋爱,6,2000,情侣,深度游
曲阜,周末自驾尼山圣境，近距离感受儒家文化,2,1000,家庭,第一次 短途周末 自驾 国庆
温州,浙里文成，伯温故里，畅享一场山水与文化交融之旅！,4,1200,三五好友,自驾 美食
成都,成都美食，给我上了一课,3,1000,三五好友,美食 摄影
仙本那,蓝色伊甸园——干杯！痛饮仙本那这杯完美佳酿,7,2500,情侣,深度游 穷游 潜水 暑假
潮州,10月潮汕行完美的旅程！值得推荐的地方！,5,2000,亲子,第一次 海滨海岛 赏秋
青岛,青岛浮山、山东大学毕业游之二,2,500,独自一人,短途周末 徒步 美食 夏季
济南,陪老妈6日玩转泰山、济南全攻略,6,2700,家庭,美食 赏秋
张家港,慢行张家港，这个秋日里的宝藏亲子游,2,1000,亲子,短途周末
苏州,走进五彩沙洲，享受难忘的亲子时光,3,1000,亲子,短途周末 美食 温泉 赏秋 国庆
华山,华山深度3日游,3,1500,闺蜜,深度游 赏秋
扬州,扬州三日江南秋日里的广陵序曲,3,2500,三五好友,深度游 短途周末 美食 赏秋
三亚,去三亚还能玩什么？请收下这份不逛“景点”的小众玩法攻略！,3,1500,三五好友,深度游 美食 摄影
银川,神秘银川6日游,6,1500,家庭,第一次 国庆
建水,探访滇南之旅——河口+建水两日游,3,500,家庭,第一次 短途周末
平遥,河南，山西，陕西火车自驾游,8,2600,三五好友,深度游 寒假
佛山,寻味顺德，人文艺术及美食探索之旅,4,1200,家庭,美食 古镇 夏季 国庆
里斯本,暖阳里的葡萄牙,6,2400,独自一人,第一次 短途周末 跨年 圣诞
杭州,【浙江.杭州.宋城】千年大宋一日还,3,900,家庭,自驾
成都,海螺沟三日游,4,1800,家庭,短途周末 摄影 冬季 国庆
兴城,兴城游记,2,300,独自一人,古镇
厦门,厦门攻略二刷厦门，竟然如此好“呷”,4,2500,三五好友,购物 美食 摄影 夏季
海西,我与祖国有个约会-国庆2500元自驾青甘环线金塔胡杨林,8,2500,情侣,自驾 环游 国庆
西安,穿越千年之旅,4,2600,独自一人,第一次 国庆
长沙,湖南四日游,4,2000,家庭,蜜月 国庆
泉州,忙碌了一个国庆周，终于轮到我休息去玩啦~,4,1344,三五好友,海滨海岛
贵阳,#深度攻略#姐妹情？！玩转贵阳之旅,7,2500,家庭,第一次 深度游 古镇 国庆
上海迪士尼度假区,苏沪杭行记，云彩飘荡在水乡的记忆,5,2000,情侣,美食 蜜月 古镇 国庆
厦门,重走厦门，网红美食探店+景点打卡全攻略,4,2000,三五好友,深度游 国庆 寒假
枣庄,八个月宝宝出游记,3,800,家庭,自驾 国庆
德清,魅力德清四日游，享受悠闲的度假之旅,4,2500,三五好友,深度游 短途周末 自驾 国庆
泰山,带着老妈去旅行2（五岳之行——泰山、嵩山）,6,2000,家庭,徒步 穷游 国庆
安康,【我的国庆70周年华诞】西安观升旗+安康汉阴自驾游,2,324,情侣,短途周末 自驾 国庆
张家界,闻你千遍，不如一见,5,1800,三五好友,第一次
琼中,说走就走的自驾环岛之旅,5,1500,三五好友,深度游 自驾 环游 赏秋 国庆
天津,天津3日游,3,1000,亲子,自驾 第一次 国庆
景泰,包头～黄河石林3日游,3,750,家庭,自驾 赏秋
潮州,潮州3日游,3,100,独自一人,美食 穷游 国庆
成都,不按套路出牌的成都美食们,7,100,三五好友,深度游 美食
重庆,"重庆中秋打卡---寻梦幻城堡,觅千年磁器口,赏洪崖洞璀璨灯火",3,1000,三五好友,深度游 美食 摄影 中秋节
包头,包头～白洋淀3天自驾游,3,700,家庭,自驾 夏季
龙游,漫步浙江龙游，享受这座小城娴静安逸的时光,2,1500,三五好友,美食 摄影 国庆
成都,大头儿子，小头爸爸｜成都崽儿168小时。,7,2000,家庭,深度游 美食 摄影 国庆 寒假
重庆,成都人眼中的重庆欢乐谷是个啥调性？感觉了一下，包你去就吐！呵呵……,1,500,家庭,第一次 深度游 国庆
丹东,十月最“火”赏秋线路，自驾丹东，中国枫叶最红最艳的地方,3,500,三五好友,自驾 摄影 赏枫 国庆
平遥,三天两晚，带你遇见平遥，领略古城魅力，解密你不知道的小知识,3,1500,三五好友,深度游
太原,太原6日游,6,1700,家庭,国庆
平遥,平遥，又见平遥！这份详实的平遥出行攻略，敬请收下,3,1000,三五好友,第一次 短途周末 摄影 国庆
成都,【食色成都】12场味蕾与景色的双重盛宴,4,2000,闺蜜,自驾 中秋节
平遥,时光静好｜初见平遥，又见平遥,2,1000,三五好友,短途周末 古镇 国庆
三亚,搞砸了！五天四夜，我把三亚亲子游整成了三亚美食游。,5,1500,亲子,美食 海滨海岛
郴州,广东的后花园隐匿的世外桃源—给你想要的湖南郴州,3,1000,情侣,短途周末 自驾 摄影 国庆
蒙山,3天2晚，焕然一新的沂蒙山：你再也不是心中的旧模样,3,2000,三五好友,深度游 短途周末 美食 赏秋 国庆
厦门,邂逅厦门，约会四天的浪漫小时光,5,2000,情侣,深度游 海滨海岛
北京,远方不远，北京以北，你向往的自由与梦想都在这条天路,3,1000,三五好友,自驾 摄影 暑假 赏秋
呼和浩特,匆匆塞北游，意兴阑珊归,4,2300,独自一人,美食 赏秋
成都,从成都到峨眉，我只想在这里的街头走一走,2,2000,三五好友,深度游 国庆
平遥,打磨时光，幽幽古镇双城记,3,800,亲子,短途周末
深圳,打个飞的去深圳，过一个文化艺术的周末！,3,2000,独自一人,短途周末 摄影
三亚,三亚亲子游—2晚海景2晚泳池别墅的轻奢之旅,5,2600,亲子,自驾 游轮 海滨海岛 赏秋
塞罕坝,塞罕坝的秋景,2,600,三五好友,自驾 中秋节
大理,3天2晚，遇见不一样的彩云之南,3,1000,三五好友,自驾 温泉 古镇 国庆
犍为,“乐”不思“蜀”——川蜀双城记,3,1000,三五好友,自驾 美食 摄影 中秋节
临沂,金秋九月自驾沂蒙，邂逅你最美的一面,3,1000,家庭,短途周末 赏秋 国庆
三亚,台风天怎么逛三亚才好玩？即使没有艳阳天，依然是满满的度假感~,2,1500,三五好友,短途周末 美食
三亚,来三亚海边度个假，与家人共赴一场休闲美食之旅！,3,2000,亲子,短途周末 美食 海滨海岛 中秋节
天津,2016年2017年2019年三次亲子游天津,3,600,亲子,短途周末 自驾 冬季
张家界,入初秋，跌进张家界的画卷里（三天两晚防坑指南),3,2000,独自一人,深度游 短途周末 摄影 中秋节
本溪,十月最“火”自驾线路，枫叶之都辽宁本溪寻找最美的秋色,3,500,三五好友,自驾 摄影 赏枫 国庆
余杭,迟到的约会，大径山禅意之行,3,700,三五好友,短途周末 自驾 中秋节 国庆
佛山,@王鋆鋆［OCT主题乐园3日游］It'sShowTime五彩缤纷周末乐悠游,3,1500,三五好友,短途周末 摄影 夏季 国庆
北京,首都北京单人5日游,5,1600,独自一人,第一次 深度游 美食
合作,国庆自驾川藏滇藏怕高反忧路险不妨到这藏区海拔低路况好车辆少景美爆！,1,100,三五好友,第一次 自驾 摄影 中秋节
武汉,早餐很棒，小龙虾无敌，说点带着孩子来武汉的注意事项，我们慢慢玩~,6,2000,亲子,美食 中秋节
苏州,古韵苏州，古街与时尚的完美契合,3,1500,独自一人,短途周末 中秋节
锦州,辽宁【盘锦-锦州】中秋/北京-红海滩-笔架山3日,3,1070,三五好友,短途周末 美食 摄影 中秋节
三亚,如果你不快乐，那就去看海吧！四天三晚，轻奢慵懒的三亚时光,4,2500,情侣,美食 海滨海岛
九江,上苍之眼领略江南鱼米之乡嘉兴秀洲之美景,3,1000,三五好友,环游 端午
青岛,环山东半岛1000公里四日自驾游,1,2200,家庭,自驾 中秋节
北京,Hello，莆田！去百威中国啤酒博物馆，敬一杯酒给远方,2,2000,三五好友,深度游 夏季
廊坊,金秋自驾京北第一天路，距离京城最近的秋色，走入仙境归来仍是少年,2,400,三五好友,第一次 自驾 摄影 中秋节 国庆
贵阳,桐家的旅行——贵州西江千户苗寨、青岩古镇、中国天眼五日游,5,2000,亲子,摄影 暑假
南浔,梦落南浔，难寻秋意,2,500,独自一人,短途周末 中秋节
淮安,寻梦运河之都，与淮安的不期而遇！【淮安4天3夜深度游】,4,2000,三五好友,深度游 美食 摄影 国庆
重庆,2019重庆游记,5,2000,家庭,第一次 夏季
若尔盖,甘南迭部到阿坝若尔盖有一鲜为人知的秘道白龙江进大草原出亲眼看岷山神秘消失！,1,100,三五好友,第一次 自驾 摄影 暑假
成都,遇见，成都—那些与美食相关的小美好，这里你都可以找到（4天3夜小众玩法）,4,1000,三五好友,短途周末 美食 摄影 夏季
平遥,领略晋魂--晋北晋中游,8,2500,家庭,第一次 美食 古镇 暑假
海宁,海宁盐官古城慢游记，中秋盐官观潮正当时,2,1500,三五好友,第一次 美食 古镇 中秋节
成都,"不一样的成都,不一样的美食,探寻天府之国,寻遍江湖美味",4,1500,三五好友,美食
可乐,2019年8月31日跟团去缅甸5晚7日游,5,2000,独自一人,第一次
福州,“在福州市区三日游怎么玩？”看一个伪本地大学生的推理解答,3,700,三五好友,短途周末 夏季 冬季
淮安,淮安3天2晚深度游，感受“中国运河之都”的多彩魅力,3,2500,三五好友,深度游 美食 古镇
南昌,高铁在手，说走就走，看佛系玩家如何南昌这个火炉城市体验冰与火的激情,3,1600,闺蜜,短途周末 美食 摄影 暑假
长沙,不以物喜不以己悲，八百里洞庭日月今安在,5,1120,家庭,第一次 穷游 踏春
淮安,淮安|去淮安“掼”出不一样的花样（三天两夜游在淮安）,3,1500,三五好友,深度游 自驾 赏秋
山海关,中秋十一去哪玩？跟着花橙旅游，开启北京、山海关两地三天欢乐模式,1,2000,独自一人,短途周末 自驾 中秋节 国庆
长白山,长白山两日游-许你长相思守，白头到老，山盟海誓,3,1400,情侣,短途周末 第一次 穷游 夏季
垦利,东营丨黄河入海、孙武故里，初秋奇妙之旅,3,1500,三五好友,短途周末 中秋节
合作,发飙的美仁草原炫丽的十里画廊A面绿染B面金黄国庆大假上上选,2,500,三五好友,深度游 自驾 摄影 暑假
凤凰,『去哪儿第一记』那年九月夜未央追忆凤凰古城最美涟漪,3,800,家庭,第一次 美食 蜜月
杭州,2019.8.31在杭州对夏日的完美告别,1,1000,独自一人,短途周末 夏季
成都,国庆成都怎么玩？成都土著的第N次成都攻略必打卡地点指南,1,105,三五好友,短途周末 穷游 美食
张家界,此次一游，都在路上——北纬30°,5,870,家庭,第一次 毕业游 古镇 暑假
南京,南京三日游,3,1000,学生,第一次 暑假
成都,天府之国是一座来了便不想走的城,3,2000,三五好友,第一次 美食 暑假
南京,小球游中国之南京篇,6,1500,亲子,第一次 暑假
三门,行至水穷处坐看云起时——2019“三门湾至味”发现体验之旅,3,2000,三五好友,徒步 美食 摄影 暑假
曼谷,当地人带你玩泰国，趣味曼谷+悠闲清迈（含美食、娱乐、购物、住宿全攻略）,7,2000,情侣,深度游 购物 美食 夏季 暑假
银川,收下这份宁夏玩乐地图（固原+中卫+银川）,7,2000,三五好友,美食 暑假
连云港,二访大美之境—连云港花果山,3,2000,三五好友,深度游 短途周末 摄影 暑假
广州,广州7天深度亲子游之吃喝玩乐篇,5,1500,亲子,深度游 美食 暑假
玉溪,云南小众旅行地，最美湖景让人醉,4,2500,情侣,深度游 短途周末 摄影 赏秋
广州,广州7天深度亲子游之玩在长隆,2,1200,家庭,第一次 暑假
北京,2019暑假北京游记【超万字攻略，详尽无比】,6,2000,家庭,第一次 徒步 暑假
神农架,说走咱就走，神农架5天，自由行,5,1500,家庭,第一次 深度游 暑假 夏季
厦门,又见AMOY（鹭岛厦门）,1,2500,家庭,深度游 古镇 海滨海岛
鹤山,鹤山两日休闲亲子游，与自然为伴的艺术之旅,2,1000,亲子,短途周末 美食 夏季 暑假
全南,解锁私藏小众地｜广东的后花园，江西的长寿乡,2,700,三五好友,第一次 短途周末 自驾 夏季 暑假
深圳,三天两晚国家级旅游度假区邂逅华侨城文化旅游节，带着花橙漫游所城,3,2000,独自一人,深度游
阿坝,探秘遗落人间的仙境，与阿坝的不期而遇！,3,2000,三五好友,深度游 中秋节 国庆
成都,带着老爸老妈游四川~峨眉成都六日游记,7,2500,家庭,深度游 自驾 摄影 夏季 暑假
重庆,38°暴晒下的“闹心”之行,5,2300,家庭,第一次 美食 暑假
福鼎,福建最有趣的一座山，有生之年，一定要去一趟,2,1000,三五好友,深度游 短途周末 摄影 夏季
天津,俯天津之眼🎡，童年动物园🦁，民国特色馆🏕游海洋公园🐬天津亲子3日游👪,3,650,亲子,美食 摄影 短途周末 人文 漫游 夏季 暑假
昆明,放飞心灵打卡之旅：昆明—弥勒—普者黑—乌蒙大草原7日游,7,2200,三五好友,第一次 自驾 暑假
广州,想打死同伴的广州三日游,3,2680,三五好友,第一次 美食
成都,孤独患者寻味记,5,1000,三五好友,美食 暑假
杭州,被利奇马挽留的杭城之美,3,1500,独自一人,短途周末 美食
贵阳,去贵阳花溪，避暑热，学儒家，拜孔子,2,1000,亲子,短途周末 穷游 古镇 暑假
重庆,重庆4日游（内附干货！）,4,2000,学生,第一次 美食 夏季
西双版纳,三口之家科普自驾游-雅安熊猫基地-红军强渡大渡河-西双版纳植物园-昆明西山龙门,8,2600,家庭,自驾 美食 暑假
阳朔,八月，桂林阳朔3日休闲游，一场歌舞唱响八桂大地,3,2000,三五好友,深度游 夏季
阳朔,"广西桂林,龙脊梯田,阳朔端午自驾3日游",3,1000,家庭,自驾 端午
宁夏,奔走与狂欢的青春，沃野与神秘的宁夏~,6,2000,情侣,毕业游 摄影 暑假
宝鸡,宝鸡大水川景区三日游,3,1000,亲子,自驾
承德,"承德,乌兰布统,塞罕坝6日家庭自驾游！",6,1100,家庭,自驾 夏季
南京,2019暑假南京亲子慢游8日,8,2000,家庭,第一次 暑假
长沙,憨居居慢节奏之旅,6,1500,学生,毕业游 夏季
长春,长春游记,1,150,独自一人,徒步 穷游
宁波,宁波两日，好的天气自然是好心情,2,1500,独自一人,第一次 短途周末
兰州,“兰州”不会把你当旅人，会把当一个多年未曾相识的老朋友。,3,800,独自一人,短途周末 骑行 美食 五一 国庆
宁波,蓝天白云突然暴风雨，跟着我换个地方过周末,2,500,三五好友,短途周末 美食
西安,到长安城探访历史的足迹,6,2000,亲子,美食 徒步 暑假
黄山,黄山+宏村四日三晚亲子游,4,2000,亲子,第一次 古镇 短途周末 暑假 夏季
日照,带你看我眼中的日照，看花、赏竹、游泳、航拍，这样玩才最嗨！,3,500,三五好友,深度游 短途周末 自驾 暑假 中秋节
北京,北京8日游,8,2200,三五好友,第一次 深度游 穷游 暑假
鼓浪屿,三口之家的厦门亲子游记,3,2300,家庭,第一次 美食 摄影 暑假
卓尼,离天堂最近仅一座城一块石一个寺一条沟就迷死人想知道它在哪儿吗？,2,600,三五好友,第一次 深度游 自驾 夏季
景德镇,这个暑假，跟着“杰伦女孩”去景德镇过涨知识的周末,2,1000,三五好友,短途周末 美食 古镇 夏季
青岛,青岛金沙滩🌊崂山望胶东🏞赏蓬莱仙境📸清爽长岛游🏖亲子8日游👩‍👦,8,2300,亲子,海滨海岛 美食 摄影 夏季 暑假
五台山,心之所往，我的五台山朝圣之旅,4,1300,三五好友,徒步 夏季
洛阳,暮春时节赏牡丹游嵩山看开封,5,2300,闺蜜,穷游
永嘉,诗画浙江，山水秉承，与你漫步在悠悠楠溪江,3,1500,三五好友,深度游 短途周末 摄影 夏季
小金,纯净小金，拥有让人震撼之美，也是凉爽的避暑胜地,3,2000,情侣,第一次 短途周末 徒步 夏季 暑假
楠溪江,逃离高温酷暑，来楠溪江过个清凉夏日，寻瀑布乘竹筏看美景,3,1000,三五好友,第一次 自驾 夏季 暑假
珠海,广州出发！上班族周末的正确打开方式——珠海悠闲2日游,2,500,闺蜜,短途周末 摄影 海滨海岛 夏季 暑假
句容,夏日仙居茅山之上,3,2000,三五好友,短途周末 徒步 摄影
海西,4天3夜，西北自驾の青海夏日风光大赏,4,2000,家庭,短途周末 自驾 摄影 夏季 暑假
怡保,偷一点时间，去感受西马的温柔夏夜,5,2000,闺蜜,短途周末 摄影 夏季
文成,消夏避暑自驾文成，带你感受浙南山水的清凉之意,3,1800,三五好友,深度游 自驾 摄影
成都,浮生一日成都十二时辰旅行攻略实记,1,150,三五好友,短途周末
铁岭,铁岭游记,2,200,独自一人,徒步 穷游
抚顺,抚顺游记,2,200,独自一人,徒步 穷游
小金,转山转水遇上四姑娘山，在川西体验最美户外天堂丨四姑娘山攻略,4,2000,三五好友,徒步 摄影 探险 夏季
青海湖,今后，永远不会在同一个时空中邂逅同样的诗意——七月青海湖行记,3,500,情侣,深度游 自驾 摄影 暑假
武汉,花点时间游武汉·三天两夜武汉自驾,3,2000,三五好友,深度游 短途周末 自驾 夏季
广州,广州长胖记|不能错过的日料美食,3,1500,情侣,美食 夏季
顺德,一个人也要寻味顺德，暴雨、孤独和坏心情都阻止不了吃货的心,2,1400,独自一人,短途周末 美食
青岛,青岛，是夏天的味道,3,2300,独自一人,第一次 夏季
大同,我们的自驾大同之旅,2,1200,情侣,短途周末 自驾 美食 踏春 夏季
文成,三天两夜玩转”长寿之乡”温州文成,3,799,三五好友,第一次 自驾 摄影 夏季
大连,2019暑假大连亲子6日游,9,2300,家庭,第一次 暑假
文成,三日游文成—在江南小镇里寻找慢时光【暑假小众景点打卡推荐】,5,2000,三五好友,深度游 摄影 暑假
普吉岛,普吉岛跟团游是一种什么体验？多图航拍视角跟大家讲解。,5,2999,三五好友,第一次 潜水 夏季
重庆,成都啊成都，重庆啊重庆~,7,2200,家庭,第一次 美食 夏季
厦门,厦门｜时光往复，我愿爱你如初,3,1000,闺蜜,短途周末 暑假
武陵源,故地重游，三天两夜探寻张家界的吃喝玩乐,4,2500,独自一人,穷游 摄影 暑假
张家界,时隔四年再来张家界，重温科幻般的绝世风光,3,2500,三五好友,深度游 摄影 暑假
长沙,君幸食：味觉长沙（长沙四天三夜家庭游）,4,2000,家庭,短途周末 暑假
乌镇,这个夏天，带娃去乌村体验陶渊明笔下的桃花源，来乌村参加夏令营吧！,3,1000,亲子,短途周末 自驾 暑假
成都,打卡小众景点，遍寻成都网红美食！唯有爱与美食不可辜负～,3,2000,三五好友,深度游 短途周末 美食 暑假
西安,西安，历史与美食交错的一场旅程,5,2500,闺蜜,第一次
桂林,从阳朔到桂林，遇见米粉遇见你|五天四夜在桂林,1,2000,闺蜜,第一次
西安,端午游西安登华山,5,2100,闺蜜,穷游 端午
黄山,梦幻徽州我来啦！（内含多图）,7,2500,三五好友,第一次 暑假 夏季
厦门,【游记】住在这里后，我再也不想去鼓浪屿了！,2,1000,三五好友,美食 摄影 海滨海岛 夏季
巩留,尼勒克百里画廊闻名遐迩殊不知天山深处还有一个而且是世界遗产！,1,300,三五好友,第一次 深度游 自驾 夏季
伊犁,听别人说看网上图等于零只有切身自驾一回伊昭公路你才知道这条路有多销魂！,1,150,三五好友,第一次 自驾 摄影 夏季
上海,三天两夜的魔都游，是什么和迪士尼最配？,3,1800,情侣,短途周末 美食 古镇 五一
杭州,左手遗址文明，右手现代艺术，我在良渚寻访江南源头,3,800,三五好友,深度游 短途周末 摄影
黄山,期待遇见美绝的黄山,3,2000,闺蜜,第一次 夏季
杭州,【苏杭】忙里偷闲下苏杭，夏日里的穿越小确幸,3,2500,家庭,深度游 短途周末 摄影 夏季 暑假
三亚,三亚海滩度假，玩转盛夏，穿越千古情缘,3,1500,独自一人,短途周末 骑行 摄影 暑假
恩施,【恩施漫步】风吟浅夏，绿染流光。（恩施小长假之行）,4,1500,家庭,第一次 徒步 摄影 五一
镇江,何处望神州——镇江逛吃两日游,2,500,闺蜜,第一次 短途周末 夏季 暑假
成都,【成都攻略】必吃的地道网红美食店，游玩成都周边景点,3,1500,三五好友,美食 夏季 暑假
丽江,暑假遛娃好去处，给你一个不一样的丽江！,1,2000,亲子,深度游 古镇 暑假
青岛,倾泉音、恋海鸣，尽管世事如书，但我偏爱红瓦绿树的那个初夏,4,2800,三五好友,美食 摄影 五一 漫游 海滨海岛
敦煌,没想到，真有人在大漠建了一座能看星星的边城驿站,5,2800,独自一人,短途周末 穷游 摄影 暑假
黄山,二刷黄山，重温徽州文化的皖南韵味,3,1500,独自一人,深度游 古镇 夏季
格尔木,雪山溯源，昆仑之巅,5,1500,三五好友,深度游
成都,3天2夜，行走成都大街小巷，探秘9处火到爆棚的网红景点和餐厅,3,2500,独自一人,深度游 美食
香港,盛夏亲子游攻略丨到香港迪士尼和“玩具”朋友一起“打水仗”,2,2000,亲子,短途周末 夏季 暑假
三亚,海南三亚5日自驾横跨琼州海峡在东方夏威夷浪漫一夏,5,2000,三五好友,自驾 摄影 海滨海岛 夏季
海口,海南小众游|给我三天时间local带你玩转海口周边（茶园起舞，品旧时光）,3,1000,闺蜜,自驾 美食 摄影 夏季
常熟,3天2晚清凉沙家浜：清凉赏荷、芦荡泛舟、久住水上人家,3,1500,情侣,深度游 自驾 古镇 夏季
厦门,享受海浪的声音，请让厦门的度假时光更慢一些,3,2500,独自一人,短途周末 美食 温泉 暑假
成都,再遇成都【这是一次文艺的寻“胖”之旅】,4,2000,三五好友,深度游 美食 摄影 夏季
秦皇岛,72h探秘、360°海陆空体验--秦皇岛渔岛海洋温泉度假区,3,1500,情侣,美食 温泉 海滨海岛
成都,六月成都之旅，打开天府之国的小众玩法,5,2500,情侣,深度游 美食 摄影 暑假
马尼拉,免签入境菲律宾，日上购物，马尼拉过周末（含日本三年签入境菲律宾攻略）,2,1000,三五好友,短途周末 购物 海滨海岛
石台,诗意石台·从壹到拾叁，遇见不一样的风景,4,2000,三五好友,深度游 夏季
石台,寻道李白秋浦歌，游安徽石台山川和溪河,4,1200,三五好友,深度游 夏季
昌黎,我和夏天有个约定：渔岛小记,3,1500,三五好友,美食 温泉 寒假
日照,单车自驾：海天盛筵，另一个角度游日照,6,2000,情侣,自驾 美食 海滨海岛 夏季
哈尔滨,哈尔滨丨在这座年轻的老城市下午，我吃了四根马迭尔,3,1200,三五好友,短途周末 夏季
大连,沿海北上，来一场毕业旅行,5,2500,独自一人,毕业游 摄影 海滨海岛 夏季 暑假
厦门,厦门，不知道去哪的时候就会来这里,3,1500,三五好友,短途周末 美食 海滨海岛 端午
崇左,广西崇左，这是一个什么神仙地方？【超小众广西路线推荐】,1,1500,闺蜜,深度游
清迈,清迈四天漫游——寻找一个关于生活的答案#写游记拿旅行基金#,4,1900,独自一人,深度游
上海,【为了体验磁悬浮列车】一次说走就走的旅行GOTo上海-西塘5日游,5,2400,亲子,美食 寒假
香港,寻找港味，48小时遇见一个市井香港#写游记拿旅行基金#,2,500,三五好友,短途周末
成都,周末自驾成都，玩转成都各大文艺地,3,2000,三五好友,深度游 摄影 五一 中秋节
南京,【子欲养而亲还在】南京穿着汉服带着奶奶去旅行来一场现代与历史的碰撞,3,800,家庭,第一次 夏季
日照,日照海边亲子度假之旅，宝贵经验告诉你,3,500,家庭,第一次 短途周末 自驾 暑假 国庆
西双版纳,暑期哪里玩，就去西双版纳中缅第一寨勐景来，超多美女美景美食等你来,3,1000,家庭,自驾 美食 摄影 暑假
婺源,夏游婺源，放肆去狂浪，避暑好清凉！#写游记拿旅行基金#,3,1000,三五好友,短途周末 夏季 暑假
成都,四天三晚，成都那些让人念念不忘的美食和美景,4,2500,三五好友,深度游 端午
黄山,千年历史浓缩的城市，还有宜人的自然风光#写游记拿旅行基金#,2,700,三五好友,短途周末 摄影 暑假
扬州,#写游记拿旅行基金#青山隐水声声慢，灿烂六月下扬州,2,400,闺蜜,短途周末 美食 古镇 夏季
成都,寻味一夏，乐玩蓉城48h，深陷美食美景漩涡，其乐无穷,2,2000,三五好友,短途周末 美食 摄影 夏季
商河,孟夏的商河--特色美食美景全攻略,7,1000,独自一人,深度游 夏季
三亚,远离客流景区，在三亚一样可以享受天蓝海蓝美味飘香的度假时光,7,2980,三五好友,美食 摄影 海滨海岛
厦门,【攻略】带娃来厦门亲子游，必去的几个寓教于乐小众景点！,3,1000,亲子,海滨海岛 暑假
江口,上海至铜仁梵净山、湘西凤凰古城四日自由行,4,2700,情侣,短途周末 端午 夏季
北京,提灯夜游司马台长城，看星空璀璨，古北水镇你可以这样玩,3,2000,三五好友,短途周末 自驾 美食 夏季 暑假
日照,元气三姐妹の日照海滨度假之旅,3,800,家庭,短途周末 海滨海岛 端午
厦门,厦门的夏天，有情怀有风景有故事还有你——厦门亲子的不二选择,1,2000,亲子,短途周末 自驾 摄影
厦门,独自带娃出逃记，湿漉漉的厦门三日之旅，附史上最详细厦门科技馆攻略,3,600,亲子,短途周末 美食
哈尔滨,没有冰雕依然心动的哈尔滨,3,2000,学生,第一次 深度游 美食 清明 踏春
芽庄,越南芽庄，和想象中差距有点大(4日休闲游）,4,1600,学生,穷游
厦门,厦门☆这里很美，而我们正好有空~,4,2500,亲子,短途周末 端午
日照,日照自驾游攻略——日照最美的金沙滩，你可曾来过？,2,500,亲子,短途周末 自驾 美食 五一 暑假
老挝,老挝勐赛走进森林两天一晚游,2,1200,三五好友,深度游 短途周末 自驾 夏季
成都,蓉城寻吃记在吃货与文艺咖之间自由切换,3,1000,三五好友,美食
苏州,苏州本地人带你一起玩转苏州城避开游玩漏洞（内附苏州三日游详情）,3,500,闺蜜,短途周末 毕业游 穷游 端午 夏季
东戴河,【北京周末自驾游】跟着“后备箱营地”去扎营，一起做这片沙滩🏖最令人羡慕的崽,2,400,三五好友,自驾 穷游 美食 端午
邛崃,成都周边，避暑，玩水，采摘，带娃好去处，强烈推荐--天台山,3,420,三五好友,自驾 美食 古镇 端午
山海关,端午自驾北戴河实用攻略,3,600,家庭,自驾 端午
昌黎,河北【乐亭-昌黎】北京出发-六月端午节，京东醉美海岛3日,3,1400,三五好友,自驾 摄影 海滨海岛 端午
济南,你要的“泉”拿走。,2,1000,情侣,短途周末 徒步 端午
原州市,独自去社交网站最红的旅游景点,2,590,独自一人,短途周末 美食
峨眉山,蜀中有仙山，峨眉自古奇——峨眉山奇幻之旅！,3,800,独自一人,深度游 徒步 探险 端午
呼和浩特,蒙古汉子带你玩转内蒙古，玩转呼和浩特，经典草原沙漠5日游攻略,5,800,三五好友,深度游 自驾 环游 夏季 暑假
开封,开封旅游，一边游一边吃一边吐槽~,3,1900,情侣,美食 端午
西安,又见长安——寻古之旅,3,2000,独自一人,摄影 端午
恩施,用脚步丈量的绿野神踪——恩施,4,2200,三五好友,第一次 短途周末 徒步 五一
顺德,怪味顺德，等位广东，美食之行？战斗之旅！#写游记拿旅行基金#,3,865,三五好友,美食 五一
伦敦,花甲阿姨暴走伦敦，绿色出行赢在pass,5,2400,三五好友,深度游 徒步 夏季
三亚,三亚攻略，教你如何花最少的钱，玩转不一样的三亚,4,2000,情侣,深度游 购物 摄影 美食 夏季
三亚,三亚攻略，尽享三亚的日光浴与魅力色彩的热带岛屿,2,2000,三五好友,深度游 徒步 摄影 美食 夏季
平遥,【平遥古城自助游攻略】你想知道的信息，这篇里都有~,3,2000,三五好友,古镇 购物 摄影 美食 端午
玉溪,打卡昆明自驾周边游新地标：云南澄江寒武纪小镇,3,2000,三五好友,短途周末 自驾 摄影 海滨海岛 夏季
平潭,2019.6.20.厦门，平潭岛游,5,2500,家庭,海滨海岛
银川,有一份牵挂在宁夏,7,2800,家庭,自驾 五一
兰州,兰州、青海四日游,5,2000,独自一人,短途周末
大理,不如去大理|大理五月五日行记,5,2000,独自一人,自驾 环游 古镇 美食 人文
兰州,"十蚊鸡游兰州,体验大西北似火热情",3,2000,家庭,第一次 漫游 美食 夏季
香港,沙雕姐妹花暴走香港大澳，一个你没了解过的彩色离岛,2,800,闺蜜,短途周末
西递,夏日物语，到西递做一场水墨田园梦,3,2000,亲子,短途周末 古镇 夏季
泉州,@王鋆鋆【石狮黄金海岸】“一船”“一寺”“一观音”，探索巨轮里的海洋馆,2,1500,三五好友,短途周末 摄影 美食 踏春
桂林,崀山兴安（灵渠）桂林阳朔非自驾3日一人游,3,1000,独自一人,第一次 夏季
云台山,何以解忧，唯有旅行！在未知的途中遇见未知的自己！,5,1500,三五好友,第一次 夏季
北京,金秋十月，陪你在帝都的街头走一走……,4,1500,亲子,人文 国庆
成都,端午节去哪玩？一起去成都吃吃喝喝（内涵成都网红店攻略）,3,1800,三五好友,短途周末 美食 端午
天津,印象.天津,3,1200,亲子,第一次 五一
丘北,丘北普者黑三日游玩不容错过的地方和酒店，真的很棒哦,3,1500,三五好友,自驾 人文 五一 夏季
成都,成都小众景点人少还文艺，72小时也能玩的巨开心,3,1500,独自一人,短途周末 徒步 美食 端午
拉穆,前行的道路充满了冒险和刺激，你，准备好了吗——内蒙古包头希拉穆仁之娱乐篇,30,110,三五好友,第一次 深度游 短途周末 穷游 自驾 骑行 徒步 毕业游 摄影 美食 蜜月 探险 端午 夏季 暑假 冬季
南京,纵贯南北寻古今的三省之旅,12,2989,独自一人,穷游
泸沽湖,泸沽湖实用详细攻略,3,800,独自一人,第一次 深度游 自驾 环游
大连,啊！达里尼！,2,680,家庭,第一次 短途周末 穷游 踏春
常州,茅山下的新晋网红景点，常州宝盛园周末撒欢记,3,1500,三五好友,短途周末 自驾 探险 夏季
上海,2019年4月（14日-21日）上海、厦门8日游（红色旅游第二集）,8,2500,家庭,漫游 清明
成都,四天三夜，成都网红景点和美食全攻略！,4,2000,三五好友,深度游 美食 人文 踏春
陵水,陵水三天二夜游，享受最舒适的度假旅行,4,2900,情侣,深度游 摄影 海滨海岛
云和,探寻神秘村落，定格山水丽影，丽水，你若走进，清风自来,6,1400,家庭,自驾 摄影 五一
金坛,常州宝盛园·打卡江浙沪小众度假团建地,3,1800,三五好友,深度游 踏春
青岛,青岛游记——在路上遇见勇敢的自己,4,1000,学生,穷游 五一
宁德,【霞浦】等待光线，我与阳光的距离不再是一个黑洞！,4,1500,独自一人,短途周末 自驾 端午 夏季
成都,打卡成都游网红景点美食必选之地,3,2000,三五好友,摄影 美食
常州,2019年4月（9日-14日）南京、常州4日游(红色旅游第一集）,1,1000,家庭,漫游 清明
张家界,张家界（大峡谷天门山凤凰芙蓉）5天4夜实用攻略,5,1000,独自一人,第一次 古镇
成都,打卡网红川渝之都，美食观景两不误——成都二日游漫谈,2,1500,三五好友,深度游 短途周末 美食 人文
呼伦贝尔,春夏秋冬，记录呼伦贝尔远方的诗！干货提炼记,6,2100,三五好友,第一次 深度游 穷游 环游 毕业游 摄影 五一 端午
杭州,和小仙女一起去旅行-杭州,3,2500,情侣,短途周末 摄影 美食 冬季
桂林,2天一夜周末游火爆胜地,2,1000,三五好友,美食 古镇 短途周末
高台,两万西路军将士喋血河西走廊被尘封半个世纪真真相在张掖高台！,1,100,三五好友,第一次 深度游 自驾 人文 五一
泰山,五月，带妈妈纵游山海之间——泰山+威海4日游记,4,2500,亲子,第一次 漫游 五一
日照,日照自驾游，海边浪漫的亲子时光,3,500,家庭,深度游 短途周末 穷游 自驾 古镇 购物 摄影 美食 海滨海岛 踏春 清明 五一 端午 夏季 暑假 中秋节 国庆
宁海,90分钟高铁，去探寻低调小城宁海,4,2000,三五好友,古镇 人文
宁海,宁海，去山海之隅赏世外桃源，三天两晚回归田园之旅,3,1500,三五好友,深度游 踏春 夏季
潜山,走进北纬30°的天柱山，一处风光秀丽又神秘的地方,3,2000,三五好友,第一次 深度游 徒步 夏季
承德,小鲁面の紫塞明珠—小城市有大惊喜『教你玩转经典承德』,4,1000,三五好友,深度游 美食 摄影 踏春 五一
瑶里,【景德镇x瑶里古镇】浮生一世，瓷都千年。,2,680,闺蜜,第一次 短途周末 徒步 古镇 摄影 美食 踏春 清明
拜县,流浪拜县---泰缅交界,15,1500,独自一人,第一次 深度游 穷游 漫游 温泉 春节
金门,2019年4月（22日-25日）厦门、金门4日游看看无障碍设施,4,1500,家庭,漫游 清明
临沂,四天三夜玩转临沂，打开山东第一大山的吃喝玩乐之旅,4,2800,三五好友,摄影 五一
新加坡,一人三国七城19天的旅行之路--那些踩过的坑和被套的路之新加坡站,5,2000,学生,第一次 深度游 人文 寒假
扬州,春风十里扬州路,5,2300,家庭,第一次 五一
厦门,2019.4.30-5.4厦门春暖花开,5,2000,闺蜜,第一次 五一
下川岛,下川岛的美景，是你想象不到的美。,2,600,家庭,短途周末 美食 摄影 春节 国庆
三亚,三亚|小长假想和你去最南端看最美的大海、吃最鲜的海味、听最浪漫的海风~,5,2000,情侣,古镇 摄影 美食 海滨海岛 五一
宁武,【山西】芦芽山，雁门关，娘子关4日自驾实用攻略,4,1300,三五好友,短途周末 自驾 摄影 五一
厦门,厦门4天三晚半深度游,4,1000,情侣,第一次 五一
桂林,五一桂林游记（又名如何在旺季假期畅游桂林兼防掉坑指南）,4,2500,闺蜜,五一
南京,南京6日游,6,2500,家庭,漫游 美食 人文 五一
三亚,【海南】教你如何花最少的钱，玩转不一样的海南,4,2500,情侣,短途周末 穷游 摄影 美食 蜜月 五一
重庆,#2019五一出游#【重庆】一个人，一背包，一相机从你的全世界路过,4,1200,独自一人,短途周末 摄影 美食
衡山,南岳衡山二日游实用攻略,2,600,家庭,徒步 五一
西昌,我们盛开，阳光照进心里来----记五一西昌行,3,1500,三五好友,短途周末 五一
北海,“朝沧梧而夕北海”——北海自驾五人行,3,620,三五好友,自驾 五一
武陵源,穷游湖南（衡山-凤凰古城-张家界（天门山、武陵源））,7,2500,独自一人,穷游 徒步 摄影 五一
四姑娘山,自驾挑战四姑娘山,3,1000,情侣,自驾 五一
济南,"济南,泰山3日游",3,2500,情侣,短途周末
合肥,“假期”与“非假期”：宏村+黄山的最佳攻略（宏村+黄山+合肥三日游）,3,2800,三五好友,短途周末 古镇 美食 人文 五一
阳朔,#简单随记#桂林，青山绿水永相随,3,1500,家庭,第一次 深度游 古镇 五一
成都,逛吃成都｜一封超详细的景点&美食安利信,2,1000,家庭,古镇 美食 踏春
银川,宁夏走一走,4,2500,情侣,美食 自驾 骑行 五一
阳朔,阳朔亲子游一场沉醉在山水与美食的旅行,4,1500,家庭,古镇 美食
上海,带上家人去旅行-上海&嵊泗&西湖,5,2000,家庭,古镇 摄影 徒步 人文 漫游 踏春
黄山,#2019五一出游#春末夏初，来和黄山约个会！,3,1500,三五好友,短途周末 踏春 五一
厦门,厦门，好久不见,3,2000,三五好友,短途周末 美食
兰州,五一假期去哪儿玩？有一条黄河串起的珍珠项链款超大景区不去不知道一去得尖叫！,7,2000,三五好友,第一次 深度游 自驾 人文 赏樱 五一
重庆,畅玩酉阳桃花源，看梦幻桃源，漫步龚滩古镇，游乌江画廊,3,500,三五好友,短途周末
长沙,春节全家自驾之行，玩转武汉岳阳长沙周边之旅,5,1000,家庭,深度游 短途周末 自驾 环游 美食 春节
鹤峰,#游记征集令#恩施鹤峰，要拍网红悬浮照不止屏山躲避峡！,4,1600,独自一人,深度游 摄影 夏季
石家庄,河北【正定-赵州】清明清西陵，柏林禅意浓，赵州神桥健，万顷梨花艳2日,2,400,三五好友,短途周末 自驾 漫游 古镇 探险 人文 赏樱 清明 五一
澳门,澳门虽小，五脏俱全，解锁顶级度假区玩法,3,2500,情侣,深度游 踏春
无锡,四天三夜，去无锡探寻一场百花盛宴,4,2000,三五好友,深度游 五一
重庆,穿行桃花源，漫步龚滩古镇，我的三天二夜酉阳行,3,1980,三五好友,深度游 踏春
厦门,文艺厦门许你一场吃货之旅,3,2000,三五好友,深度游 美食
桂林,多彩的广西不仅有山水，还有桂林千古情,4,2000,情侣,第一次 深度游 漫游 美食 人文
阳朔,#游记征集令#八山秀水广西美，小长假来一次寻找“刘三姐”之旅,4,2000,情侣,穷游 漫游 美食 赏樱 五一 暑假
乌镇,心的乌镇，来过，未曾离开,2,1000,三五好友,古镇 踏春
三亚,亲子携老三亚完美游攻略（旅游+度假）,6,2000,亲子,第一次 穷游 购物 海滨海岛 寒假
桂林,花开四月|回眸桂林千百遍，再现三生三世千古绝恋,5,2100,独自一人,第一次 古镇 摄影 人文
尖扎,当人间烟火落入瑶池仙境—记春日沈阳、长白山、延吉四日游,4,1339,闺蜜,第一次 短途周末 购物 摄影 美食 人文 温泉 清明
平遥,叮~请查收一份来自平遥古城的人文穿越指南【五一小长假全新攻略】,3,1500,三五好友,深度游 短途周末 古镇 购物 摄影 美食 人文 踏春 五一
涠洲岛,一个人的旅行（只为寻找涠洲岛那一抹蓝）,2,700,独自一人,穷游 骑行 摄影
阳朔,烟雨漓江千古情,4,2000,情侣,踏春
杭州,#游记征集令#人间四月芳菲尽，最美江南是杭州,3,1800,三五好友,深度游 古镇 人文 踏春 清明 五一
黄山,感岁月历史，品黄山美食——黄山三天两夜休闲之旅全攻略,3,1500,三五好友,深度游 短途周末 美食 人文
扬州,三天两夜，烟花三月下扬州，带娃，精华景点走马观花游,3,1500,家庭,第一次 踏春
日照,2019，日照带来计划之外的惊喜,4,300,三五好友,自驾 清明 五一 端午 夏季 暑假 国庆
长春,夏季租车自驾2人6天长春、长白山、白山市、走错路的东北老林子深度游,6,2500,情侣,第一次 深度游 短途周末 穷游 自驾 徒步 摄影 探险 温泉 踏春 清明 五一 端午 夏季 暑假 国庆
嵊泗,美哭了！上海周边竟然有这么浪的海岛！江浙沪包邮的圣托里尼！——嵊泗花鸟岛东游记,4,1000,三五好友,深度游 摄影 人文 海滨海岛
南京,#游记征集令#人间有三月，烟花不过江南里,6,2500,三五好友,自驾 漫游 摄影 赏樱 踏春
溧阳,竹海温泉配三黑三白，游在天目湖的两日里,2,2500,三五好友,第一次
日照,日照，遇见那片海，海洋公园周末的亲子时光,3,800,亲子,短途周末 五一
洛阳,#游记征集#洛阳牡丹花正开，十三朝帝都兴废事还看今朝（附三天两夜游玩攻略）,4,2000,三五好友,深度游 人文
万州,万州在老街徐徐、飞瀑三千中，寻找江城味道,1,1000,情侣,短途周末 自驾 徒步 摄影 美食 清明
诸暨,「西施故土」穿越春秋战国—领略诸暨的沧海桑田与积厚流光,4,2000,三五好友,第一次 深度游 短途周末 自驾 古镇 摄影 人文
洛阳,豫见河南|不负洛阳春光，探寻古都之美（洛阳旅游五天四晚全攻略）,4,2000,三五好友,深度游 漫游 摄影 踏春
可乐,2019年，自驾九华山、黄山、宏村！,5,1300,家庭,自驾 清明
重庆,初见重庆，我用24小时爱上这座城​,1,1000,情侣,第一次 短途周末 踏春
无锡,花漾无锡，沉醉在花星球的杜鹃花海中，无锡春日赏花四日行,4,1000,三五好友,摄影 五一
济南,沈阳初夏周末游（济南出发）,2,2000,独自一人,短途周末 徒步 摄影 人文 踏春 夏季
日照,#游记征集令#遇见日照丨初夏的风，吹皱那片海,3,1500,三五好友,短途周末 踏春 五一 夏季
马德里,RealMadrid！皇马球迷不可错过的伯纳乌观球攻略！,1,2000,情侣,深度游 人文 五一
敦煌,#游记征集令#这个春天一路向西，东北小伙6天7晚大西北自由行,6,2100,独自一人,第一次 深度游 徒步 漫游 摄影 美食 人文 赏樱 踏春 清明
宜都,【去哪儿首发】湖北宜都实用旅游攻略，看山川美景，读千年人文,4,2000,三五好友,第一次 深度游 自驾 摄影 人文 清明
留坝,节假日可在机关单位免费停车的县说明了啥？这是一枚秦岭秘境！人少景美速来！,5,1500,三五好友,深度游 自驾 古镇 人文 赏樱 踏春
汕头,#游记征集令#风味原产地巡礼—2人，31小时，18家店，23种美食，横扫汕头,2,800,闺蜜,短途周末 清明 美食
泉州,#游记征集令#推荐几家泉州、厦门的民宿,4,1500,独自一人,海滨海岛 漫游
诸暨,四月诸暨·一场充满趣味的春日游览会,3,2500,三五好友,深度游 美食
秦皇岛,一个人的旅行之秦皇岛,2,1100,独自一人,第一次 踏春
三亚,#游记征集令#【三亚】睡出新花漾，B-dayTrip（附航拍＋美食攻略）,3,400,情侣,第一次 短途周末 摄影 美食 海滨海岛
海口,北海&海口，美食下酒；晒成黑狗，快乐依旧（省钱大师）,8,2883,学生,第一次 穷游 骑行 徒步 游轮 漫游 毕业游 购物 摄影 美食 海滨海岛 温泉 踏春 清明
黄山,~乐翻天~暖春带上老爸老妈+宝贝自驾黄山-宏村亲子4日游,4,1400,家庭,第一次 短途周末 自驾 古镇 踏春
三亚,⛵️TravelNotes✈️亲子旅行记」,5,2500,亲子,美食 摄影
厦门,超实用的四天三晚厦门闺蜜游,4,2840,闺蜜,第一次 清明
广元,巍峨剑门，怀古三国，川北明珠，非繁广元！,1,800,独自一人,深度游 人文 踏春
厦门,厦门、鼓浪屿4日游,4,2000,情侣,清明
无锡,#游记征集令#梦回无锡，寻根故里—无锡小众游,5,2000,家庭,深度游 摄影
乌鲁木齐,#游记征集令#去乌市打卡，感受西北第一站的风光,3,2500,三五好友,第一次 摄影 清明
郑州,二室凌青天，三花含紫烟——2019清明节郑州+嵩山徒步游记（111P）,1,1000,独自一人,徒步 清明
泉州,#游记征集令#一场逃离，泉州说走就走,3,1500,独自一人,徒步 人文 漫游 穷游
德清,#游记征集令#初春踏青江南风光下渚湖湿地公园,1,1000,三五好友,短途周末 徒步 摄影 赏樱 踏春
洛阳,河南【洛阳】王屋山-老君山-关林-白马寺3日,3,900,三五好友,徒步 人文 清明
兴化,再回首兴化千垛菜花-溱潼古镇自驾游,2,600,家庭,深度游 自驾 古镇 美食 清明
厦门,#游记征集令#春风厦至，走过四季，才知山海之间的你花开如梦,4,1200,独自一人,深度游 漫游 摄影 美食
大理,硬核小姐姐旅行到古代，隐居在大理的千年山村，追寻失落的慢时光生活,5,1800,独自一人,深度游 摄影 古镇 夏季 暑假
济南,济南三日穷游之旅,3,800,独自一人,短途周末 穷游 踏春
杭州,一天千年！早春杭州，魅力宋城，带着娃的穿越之旅,3,1500,亲子,短途周末 踏春 清明
杭州,【冷冷暖暖的侣行】你身上的一天霓裳，我眼中的千年大宋,2,500,情侣,漫游 摄影 美食 蜜月 人文
重庆,一样的路，不一样的景——重庆,6,1400,情侣,漫游 人文 春节
海口,说走就走的-宝岛海南岛-海口-文昌航天城-三亚-美食自由行,9,2700,家庭,深度游 漫游 美食 人文 海滨海岛 踏春
西安,相信美好就能遇见美好---西安独行三日短途穷游攻略,4,1700,独自一人,第一次 穷游 徒步 摄影 人文
苏州,遇见树山——等一场有你的梨花雨,3,500,三五好友,赏樱 清明
北京,万万没想到的帝都之旅,2,600,亲子,美食 短途周末 摄影 人文 踏春
宁波,#游记征集令#“独处时，遇见另一个我”--宁波的小文艺,4,2800,独自一人,第一次 短途周末 摄影 美食 踏春
暹粒,2019年3月骑车看吴哥的微笑,6,2500,独自一人,第一次
九华山,九华山初春自驾礼佛三日游,3,1000,三五好友,第一次 短途周末 自驾 踏春
大方,花经注之百里杜鹃|贵阳毕节三日行记,3,1000,情侣,短途周末 摄影 美食
扬州,【扬州探春】烟花三月，醉饮广陵。（小长假出行记）,3,1000,家庭,短途周末 漫游 摄影 美食 踏春
宏村,黄山-宏村-卢村春日周末游实用贴,2,1500,三五好友,短途周末 踏春
武当山,“武当三宝”有两个是传说武当山真正的传世宝贝不是故事而是你意想不到的它！,2,700,三五好友,自驾 人文 踏春
黄山,十二天/十座古村落/SAEVOM徽州独行记[含海量美图+旅行所见所感+攻略],12,1500,独自一人,深度游 短途周末 穷游 环游 古镇 摄影 探险 人文 跨年 冬季
绥芬河,东北边境山城绥芬河，感受俄罗斯风情,3,2000,三五好友,短途周末 冬季
南京,南京印象,5,2000,三五好友,美食 摄影
成都,再游成都，体验不一样的大美山川,3,1500,独自一人,短途周末 踏春
色达县,四姑娘哎！湛江飞成都-色达自驾环游,5,2370,三五好友,自驾 环游 夏季
惠东,春游正当时，泡温泉，探古村，游山水，惠东三天两夜悠闲自驾游,3,1500,家庭,短途周末 自驾 温泉
绥芬河,坐着高铁过周末，冬季乐享绥芬河，吃喝住游购全攻略,2,500,三五好友,深度游 短途周末 自驾 徒步 购物 摄影 美食 人文 冬季 寒假
古纳,走进八百年古村俄亚，体验流传千年的古纳西习俗,2,400,三五好友,深度游 短途周末 自驾 古镇 摄影 探险 人文 春节
南京,“2008-2018，十年再次相遇”----初见南京,1,1500,三五好友,第一次 短途周末 赏秋
杭州,亲子旅行换一种思路游杭州，第一世界+两大乐园玩不停,2,1000,亲子,短途周末 自驾 美食 温泉
宁波,踏海寻佛，为你来,4,1500,家庭,踏春
肇庆,从广州出发，跟我游肇庆七星岩探西游记拍摄地,2,500,三五好友,短途周末 踏春
拉萨,翻山越岭而来：从尼泊尔到西藏,8,2500,学生,第一次 穷游 毕业游 人文 暑假
大理,#游记征集令#屌丝们的女神节之旅——“一路向西遇见大理”,4,1500,三五好友,古镇 购物 摄影 美食 踏春
阳朔,桂林阳朔三千漓，解锁阳朔新玩法,4,2000,三五好友,摄影 美食 踏春
北京,北京这些优秀的书店，你去过几家？,7,100,独自一人,短途周末 徒步 漫游 美食 人文 踏春
大理,2019春节云南自驾佛系游,7,2000,家庭,春节
重庆,爱上这座城|48小时，初遇重庆,2,2000,闺蜜,短途周末 冬季
西安,【古韵西安】去十三朝古都，感受夜色下的盛世大唐,4,1800,三五好友,人文 春节 寒假
兰州,对大西北，可以心动千千万万次-记间断西北行[海量美图+独自旅行趣事+详细攻略],12,2000,独自一人,深度游 穷游 环游 摄影 探险 人文 端午 中秋节
武汉,三月的武汉，是一片樱花烂漫的世界【武汉赏樱全攻略】,3,300,三五好友,赏樱 踏春
大新,大新明仕田园周边两日游,2,350,情侣,自驾 短途周末
香港,背着你在路上之香港篇,3,2500,家庭,第一次 深度游 美食 春节
滨松市,都江堰和西岭雪山三日亲子自助游,3,720,亲子,第一次 美食 摄影 春节
大连,海韵大连、古韵沈阳、仙韵长白山の闲情五日游,5,1800,家庭,穷游 漫游 暑假
西双版纳,野象谷惊魂记：徒步与独象狭路相逢驾车又遇一群野象跃跃欲试准备围攻！结果……,1,500,三五好友,深度游 探险 踏春
潮州,一路南下，邂逅烟火潮汕，品美食观海景赏古建,3,2000,三五好友,自驾 国庆
苏州,心心相系姑苏城念念不忘江南雨,3,800,家庭,古镇 踏春
济南,三十五天两入东北独自一人SAEVOM节前流浪日记,35,2500,独自一人,深度游 穷游 漫游 摄影 人文 春节 冬季 寒假
北京,致一场说走就走的旅行#一路向北之北京,4,2500,闺蜜,第一次
涠洲岛,自驾3300公里，9天8晚带你玩转涠洲岛、德天瀑布、荔波小七孔,9,2800,家庭,自驾 摄影 海滨海岛 春节 冬季
玉溪,版纳有毒！在它那刚过完年又上瘾再次自驾走茶马古道着迷了！,10,2000,三五好友,深度游 自驾 古镇 购物 踏春
泉州,【泉州拾光记】一半烟火，一半人间。,3,1070,独自一人,第一次 短途周末 徒步 摄影 美食 中秋节
郴州,郴州三重奏，有时风雨有时晴,3,1500,闺蜜,第一次 自驾 摄影 五一
苏州,梦回江南情系姑苏——苏州三日游,3,800,情侣,深度游 短途周末 穷游 自驾 骑行 徒步 漫游 古镇 购物 摄影 美食 蜜月 探险 人文 赏枫 春节 踏春 清明 五一
西安,【司马讲故事】一下雪，西安就变成了长安|一开灯，西安就变成了灯具城,3,1600,三五好友,短途周末 摄影 美食 春节
哈尔滨,遇见东方莫斯科，感受冰城魅力。【2016.哈尔滨】,3,2000,三五好友,徒步 摄影 国庆
平遥,世界文化遗产也有名的平遥古城，穿越之旅攻略安排上了！,2,1000,三五好友,第一次 短途周末 漫游 古镇
涠洲岛,一半烟雨一半晴，带上从未看过大海的你，感受春暖花开。,3,827,闺蜜,短途周末 穷游 自驾 游轮 春节
宁波,续：世博会回想2019年春节上海宁波回访,7,2500,亲子,人文 跨年 春节
西安,三进长安，这里的新年，最中国！,5,2000,家庭,深度游 春节
哈尔滨,哈尔滨，冰与雪之歌（附一枚油城大庆的安利）,2,1400,情侣,深度游 短途周末 摄影 春节
成都,春节家庭出游6日纯自助，成都，来了就不想走,6,2500,家庭,深度游 古镇 摄影 美食 人文 春节
长春,二刷东北：见过冰雪才算没辜负冬天-长春/雾凇岛/长白山/沈阳,5,2000,三五好友,摄影 美食 人文 温泉 滑雪 冬季 寒假
合肥,2019，巢湖边，风雪庐州夜（合肥两日游）,4,1500,家庭,短途周末 春节 寒假
平遥,跟着诗人李持正笔下的《明月逐人来·星河明淡》，领略一番平遥古城的元宵节,2,500,三五好友,短途周末 漫游 古镇 摄影 美食 春节 冬季
平遥,2019年春节，我在山西你在哪？,8,2000,独自一人,深度游 穷游 美食 春节 冬季
西安,[我在西安过大年]一日看尽长安花,4,2000,三五好友,深度游 春节
厦门,厦门亲子5日自由行,5,2000,家庭,第一次 春节
西安,【西安】浮生三日，长安城里寻古风,3,2000,三五好友,短途周末 徒步
南京,【畅游江苏】去六朝古都寻帝王历史，到秦淮河畔觅百姓习俗,3,1500,三五好友,短途周末 摄影 美食 春节
天津,一个人去旅行，你好天津,3,720,独自一人,第一次 短途周末 漫游 摄影 人文 春节
重庆,带一半的我和你，穿越时空漫步山城（海量美景图+角色反串图）,7,2000,闺蜜,古镇 摄影 人文
日喀则,“冰冻星球”-冬季西藏自驾记,5,2000,情侣,深度游 穷游 自驾 漫游 摄影 美食 春节 冬季 寒假
丽江,都以为丽江只是年轻人的“艳遇”结果耄耋老人也喜欢这古镇气息！,2,1000,亲子,第一次 古镇 美食 春节
广州,{默言}食在广州,4,2000,三五好友,美食 春节
西双版纳,带着老人旅行西双版纳吃住行游如何安排？解决方案都在这儿了！,10,2000,家庭,深度游 自驾 美食 人文 春节
北京,北京~15年后的相逢,5,2800,情侣,深度游 漫游 古镇 蜜月 人文 春节 冬季
海口,2018我陪父母去旅行----南宁北海海口,8,2500,家庭,游轮 环游 人文 海滨海岛 圣诞 冬季
桂林,毕业季：属于我们的桂林毕业之旅--美图加攻略,4,1580,闺蜜,古镇 摄影 美食 温泉 寒假
惠安,KK2019年春节畅行,5,1900,闺蜜,徒步 环游 美食 人文 春节
婺源,带着老妈去旅行（最美高铁线：黄山（宏村）-婺源-武夷山）,10,2500,家庭,第一次 深度游 漫游 古镇 摄影 人文 春节
贵阳,不一样的苗寨玩法，朗德，西江，青岩,5,1500,家庭,古镇 美食 人文 春节
暹粒,一人三国七城19天的旅行之路--那些踩过的坑和被套的路之柬埔寨暹粒吴哥窟站,5,2000,独自一人,第一次 深度游 穷游 人文 寒假
哈尔滨,等了三年的冰城之行,4,2000,情侣,蜜月 美食 冬季 春节
横店,2019春节去哪儿？当然是逛春节横店大庙会！！,2,1000,家庭,短途周末 穷游 自驾 漫游 古镇 摄影 跨年 春节 踏春 冬季 寒假
天津,🧧新年游走在空城的郑州&下雪的天津,9,2500,家庭,美食 徒步 人文 环游 温泉 春节
大理,200图万字大理游：古城漫步/环洱海、探寻黄渤沈腾拍戏取景地,4,1500,独自一人,环游 漫游 古镇 摄影 人文 夏季
平遥,2019中国年，漫步平遥古城，带着爱。(附路线、交通、住宿、美食、特产攻略）,2,500,家庭,自驾 古镇 摄影 美食 春节 冬季
青海,如果你第一次来青海要怎么玩呢？来，我告诉你...,6,2980,闺蜜,第一次 暑假
清迈,一人三国七城19天的旅行之路--那些踩过的坑和被套的路之泰国清迈清莱站,5,2000,独自一人,深度游 穷游 古镇 人文 温泉 冬季 寒假
厦门,2018-11-13厦门六日自由行（两大两小）,6,2000,亲子,穷游 冬季
黄山区,独行徽州，青黛白墙（附黄山登山攻略，宏村，婺源）,6,1500,独自一人,穷游 古镇 摄影 美食 踏春 清明
张家港,听山歌，泡温泉，赏桃花，逛古街，游古寺，五项全能了解下,3,2000,三五好友,短途周末 摄影 美食 温泉
平遥,2019平遥中国年全新攻略~【交通+住宿+路线+特产+美食+中国年活动安排】,3,1500,三五好友,短途周末 漫游 古镇 摄影 春节
漳州,【福建自由行】遇见花样漳州，土楼和云水谣就该这样玩,3,1200,情侣,深度游 古镇 人文 春节 寒假
厦门,向往的生活，大概就是，不羡慕任何人……,6,2703,亲子,第一次 深度游 自驾 五一
成都,成都，带不走的是悠闲惬意的生活,5,1400,独自一人,深度游 毕业游 摄影 夏季
珠海,三天二晚，带你在广东的马尔代夫----东澳岛玩个够,3,2000,三五好友,短途周末 春节
桂林,桂林旅游必看的自由行攻略（正确的旅游方式）龙脊梯田阳朔西街,4,2000,家庭,第一次 短途周末 穷游 徒步 漫游 毕业游 古镇 摄影 跨年 春节 踏春 端午 夏季 暑假
大连,大连奶爸周末带娃宝贵经验分享大连景点单日游——大连老虎滩海洋公园,1,150,亲子,短途周末 穷游 人文 夏季
大连,大连奶爸周末带娃宝贵经验分享大连景点单日游——大连黑石礁自然博物馆,1,20,亲子,短途周末 穷游 人文 冬季
黄山区,寒假游~黄山行,4,2000,家庭,短途周末 穷游 漫游 冬季 寒假
大连,大连奶爸周末带娃宝贵经验分享大连景点单日游——大连森林动物园一日游记,1,150,亲子,短途周末 穷游 中秋节
哈尔滨,北京-哈尔滨-雪谷-雪乡5日游,5,2000,三五好友,第一次 滑雪
安丘,春节假期潍坊泰华城、安丘青云山两日游,2,200,情侣,短途周末 穷游 徒步 摄影 滑雪 春节
成都,漫步蓉城，体味成都美食与美好,4,1500,家庭,深度游 短途周末 美食 万圣节 圣诞
丹东,清明丹东鸭绿江、凤凰山自驾二日游,2,500,家庭,短途周末 穷游 自驾 清明
杭州,杭州——没有雪的冬季也会醉人,4,2200,亲子,冬季 寒假
北京,何须跑到遥远的东北去看雪？北京这个邻居便有最美雪乡,3,2500,情侣,摄影 美食 冬季
武汉,武汉过早，代表碳水化合物吃撑你。,2,1000,三五好友,深度游 徒步 美食 人文 万圣节
衢州,衢州|走不完的山水美景，读不完的历史人文,3,1300,三五好友,深度游 自驾 古镇 摄影 圣诞
重庆,重庆，好久不见,1,2000,独自一人,摄影 美食 人文 夏季
无锡,无锡匆匆~我与闺蜜们的佛系旅行,3,2500,闺蜜,第一次 深度游 徒步 漫游 摄影 美食 人文 端午
重庆,重庆成都乐山5天攻略,5,2500,情侣,第一次 冬季
香港,广州人带你游香港（科普式干货，实用攻略）,1,2000,独自一人,短途周末 购物
南京,跨年南京游,4,900,独自一人,穷游 跨年
宜春,趁着周末，到中国温泉之乡感受一次千古情痴,3,1980,情侣,第一次 短途周末 摄影 冬季
宜春,悠闲四日，玩转宜春这座深藏不露的温暖小城,4,1500,三五好友,第一次 深度游 短途周末 自驾 摄影 温泉 跨年 春节 冬季 寒假
昆明,萌宝冬行|带你玩转四季如春的昆明古滇~,4,2000,亲子,第一次 温泉
开封,嵩山行我看行——记河南登封郑州开封5日游,5,1400,三五好友,第一次 穷游 漫游 国庆
成都,成都，成都，带不走的只有你！,3,1500,三五好友,深度游 美食 人文 冬季
厦门,说走就走，厦门休闲游,6,2400,家庭,第一次 冬季
腾冲,去腾冲邂逅一场秋天的童话,4,1500,三五好友,深度游 短途周末 自驾 徒步 摄影 跨年
香格里拉,牛哥西行漫记（10月1日-10月5日）,1,200,独自一人,自驾 国庆
郑州,神州五岳之中岳嵩山--少林寺,3,2400,情侣,穷游 跨年
苏州,姑苏烟雨，月台花榭，锦瑟年华谁与度,3,336,独自一人,第一次 短途周末 穷游 古镇 摄影 人文 踏春 清明
香格里拉,牛哥西行漫记（9月25日-9月30日）,99+,200,独自一人,自驾 国庆
澳门,【干货！】中奖澳门航空锦鲤，相约圣诞澳门的3天2夜，一场绮丽繁华的梦之幻镜,1,2000,独自一人,第一次 深度游 徒步 漫游 购物 摄影 美食 圣诞
三亚,逃离阴冷的成都，到三亚享受这个冬天！,4,2500,亲子,深度游 美食 海滨海岛 冬季
丰宁,【承德】马镇之冬，风景不尽,2,1800,家庭,第一次 深度游 短途周末 自驾 摄影 跨年
丽江,【19年定制台历】苏掌柜带你种草丽江旅游最美旅拍打卡地全攻略！！！,3,999,闺蜜,深度游 穷游 古镇 摄影 美食 人文 赏枫 赏秋 中秋节 冬季 寒假
厦门,"路线和费用超详细的厦门三天行：含厦大,曾厝垵,南普陀寺,五老峰,鼓浪屿等",3,1200,三五好友,第一次 短途周末 美食 海滨海岛 跨年
宜春,【江西.宜春】明月处处有，唯有宜春月最明,4,2000,三五好友,人文 温泉
重庆,巴蜀之冬旅（天府成都、老重庆）,5,2000,闺蜜,第一次 穷游 古镇 购物 美食 跨年 冬季
丰宁,玩冰雪看演出吃烤羊放烟花跨年新花样玩转中国马镇冰火节,3,1000,三五好友,短途周末 自驾 美食 人文 寒假
成都,跟我在成都的街头走一走，直到所有的美食都吃完了再回头,3,2500,情侣,深度游 美食 冬季
厦门,一座城市，2个人，漫步在厦门,7,2500,情侣,蜜月 骑行 徒步 摄影 第一次 美食 冬季 漫游 人文
香港,【新年祈福】连港星都去上香祈愿的5座寺庙，据说有求必应超灵验！,1,300,家庭,购物 美食 海滨海岛 短途周末 摄影 徒步 人文 春节 寒假
泸沽湖,5日游,5,2380,三五好友,古镇 摄影 漫游
成都,坐着高铁玩成都，四天三夜享受地道成都味,4,2800,情侣,深度游 购物 摄影 美食 冬季
洛阳,洛阳——一座被遗忘的千年古都,4,700,独自一人,穷游 漫游 美食 人文 夏季
哈尔滨,黑龙江暖阳高照—几个逗比青年的戏雪记【哈尔滨-雪乡】,4,2100,三五好友,冬季
哈尔滨,【哈尔滨最旺香火指南】这次，我们怀着崇敬的心走进冰城！,1,10,三五好友,短途周末 人文 春节 冬季 寒假
南京,近于禅境，达于心灵，牛首山揽胜静心之行,2,2000,三五好友,第一次
重庆,醉美三峡旅行季，赏巫山红叶，和第一场雪来一次美丽的邂逅！！,4,700,三五好友,自驾 冬季
吉首,湘西吉首四日自由行,4,1000,学生,穷游 古镇 冬季
苏州,爱在日落黄昏时，探秘太湖岛居生活,3,2000,三五好友,第一次 深度游 徒步 古镇 摄影 冬季
重庆,食“摄”山城--心心念念的重庆之旅,2,1000,独自一人,第一次 深度游 古镇 摄影 美食 人文
海盐,【诗画浙江】浙江除了杭州西湖，还有嘉兴南湖，更有海盐杏会,2,1000,三五好友,短途周末 美食 冬季
密云,古北水镇京郊有江南（附司马台长城攻略）,2,500,三五好友,短途周末 古镇
喀纳斯,很遗憾，人人都知道中国雪乡，却不晓得有个“极美雪乡”酷炫得令人心疼！,2,1000,三五好友,第一次 深度游 环游 摄影 人文 冬季
宁远,湖南永州宁远自驾一个偏远小县城的美食全攻略,2,50,三五好友,短途周末 自驾 摄影 美食 人文
珠海,珠澳海湾游，赏两地风光，一次难忘的旅程！,2,1000,三五好友,短途周末 游轮 漫游 摄影 人文 海滨海岛
珠海,珠海，一座浪漫城市该有的样子,1,1200,三五好友,深度游 游轮 古镇 摄影
成都,逛吃不停歇，安逸的在成都度过深秋时光,5,2500,三五好友,深度游 美食 人文
成都,少不入川，老不离蜀。说说成都这吃了就不想走的城市。,3,2000,三五好友,第一次 美食 人文 国庆
珠海,冬游东澳岛，享受一段美好的海岛亲子时光,3,2000,亲子,第一次 深度游 短途周末 自驾 漫游 摄影 美食 海滨海岛 冬季 寒假
潮州,逛吃逛吃看潮汕,3,1100,三五好友,短途周末 冬季
北京,带着爸妈去旅行，时光记忆北京梦,3,2500,家庭,人文 五一
厦门,【发游记赢限定圣诞礼物】寻觅闹市中的古早味，这是一份关于厦门的美食攻略,3,2400,三五好友,摄影 美食 人文 海滨海岛 冬季
楚雄市,国庆滇西南小众游,6,2000,家庭,自驾 国庆
厦门,泡泡温泉，逛逛网红圣地——厦门，带着回忆去小游。。,2,1000,情侣,短途周末 自驾 漫游 摄影 人文 温泉 圣诞 冬季
承德,美女密云遇见了帅哥承德,3,1000,三五好友,自驾 古镇 温泉 滑雪
太原,梦里古城山西一场关于美食与美景的风味之旅~,5,1000,三五好友,深度游 古镇 摄影 冬季
塞哥维亚,西班牙——卡斯蒂利亚-莱昂，我们不期而遇,3,240,情侣,短途周末 穷游 自驾 摄影 人文 夏季 暑假
西安,十四朝古都－梦回长安,4,2000,家庭,人文 第一次 漫游 冬季
成都,成都请赐我一场人间烟火|城西三日行记,3,500,独自一人,短途周末 漫游 人文
乌鲁木齐县,拥抱最温暖的冰雪世界体验户外穿比基尼滑雪的极致酸爽！,1,200,三五好友,深度游 美食 温泉 滑雪 冬季
永泰,永泰庄寨--百花齐放的福建古建筑中的又一朵“奇葩”,3,800,三五好友,第一次 深度游 摄影 人文 冬季
唐山,唐山冬游拥抱星辰与大海，走一遭文艺的探秘之旅,3,2000,三五好友,短途周末 自驾 人文 温泉 冬季
北京,北京赏秋打卡攻略，除了故宫这些地方也很值得去,3,2000,三五好友,第一次 古镇 摄影 赏秋
成都,【发游记赢限定圣诞礼物】行走在成都的文艺范儿，这一次带你解锁那些网红打卡点,2,1350,三五好友,深度游 摄影 赏秋
成都,吃货的成都地图，有没有试过因美食爱上一座城市？,3,1500,三五好友,第一次 美食 人文 赏秋
婺源,婺源寻秋,4,1300,三五好友,自驾
北海,北海、涠州岛8日游,6,300,三五好友,美食 海滨海岛 游轮 第一次 深度游 冬季 春节
黄果树,净心之旅之梵净山、黄果树瀑布、镇远古镇----5天4晚,5,2500,家庭,漫游
杭州,在杭州，略一场夏，赏一场秋,5,1000,独自一人,第一次 短途周末 骑行 徒步 摄影 人文 赏枫 夏季 赏秋
广州,26年，广州~为你而疯狂！,2,1500,家庭,第一次 短途周末 穷游 徒步 环游 漫游 购物 摄影 美食 人文 跨年 踏春 夏季 赏秋 国庆 万圣节 圣诞 冬季 寒假
贵阳,「贵阳」不期而遇的美食之旅（附顶级吃货美食探店＋住宿＋景点打卡）,3,1000,情侣,美食
哈尔滨,一路向北，徜徉在童话般的世界里,5,2000,三五好友,第一次 深度游 自驾 环游 漫游 摄影 美食 人文 滑雪 冬季
苏州,【走走看看】苏州行，吃吃看看,3,2000,情侣,短途周末 徒步 漫游 赏秋
重庆,打卡“山城”——重庆,5,2000,三五好友,第一次 短途周末 美食
成都,潇洒辣一回，一个福建人的成都快乐之旅,3,2500,三五好友,短途周末
上海,畅游海昌，满足你对大海的所有幻想,2,1000,亲子,短途周末 摄影
成都,唯有美食与美景不可负——记一场成都周末游,3,2000,情侣,短途周末
太原,二刷山西好风光，我们从晋西南路过,4,1000,三五好友,自驾 古镇 摄影
长沙,【发游记赢限定圣诞礼物】穿越民国时的老长沙，找寻旧时长沙的味道……,2,300,三五好友,短途周末 漫游 摄影 美食 赏枫 赏秋 万圣节
西安,三日游美图秦风唐韵为古是骨美食民俗为今是筋——西安撩咋咧,3,1400,三五好友,短途周末 暑假
贵阳,【发游记赢限定圣诞礼物】贵阳读城记，遇见最舒适的秋日时光,3,1000,独自一人,短途周末 赏秋
晋城,探秘最山西，晋是如此美,4,1500,三五好友,古镇 摄影 美食 人文
杭州,走进森林，走进时光，走进浙江的诗画山水,5,2000,三五好友,深度游 自驾
徐州,2018年11月古墓派五人自驾游,6,2000,三五好友,自驾 古镇 人文 冬季
汕头,潮潮潮潮州汕汕汕汕头,6,1700,情侣,第一次 赏秋
重庆,【首发赢限定圣诞礼物】风花雪月诗酒茶，解锁从影视综艺里走出来的魔幻重庆,4,2000,闺蜜,深度游 摄影
宁海,寻一个阳光明媚的日子，走一回前童古镇,1,200,独自一人,古镇 徒步 第一次 冬季
婺源,有一种秋叫篁岭，这里的秋可赏可晒还可吃！,2,800,三五好友,短途周末 古镇 摄影 美食 赏秋
西安,下黄河、上华山、赏秦俑、望龙门，西安、洛阳中华古都记行,7,2500,闺蜜,第一次 短途周末 穷游 徒步 摄影 美食 冬季
埃武拉,马币170，马来西亚，柔佛，丰盛港，跳岛一日游,1,280,情侣,海滨海岛 夏季
成都,来一场抛夫弃子的汉服旅行去成都做个吃客,4,2600,闺蜜,深度游 美食 赏秋
绍兴,绍兴媳妇儿带你逛绍兴：必打卡和新发现,3,1500,三五好友,短途周末 古镇 美食
温岭,赴一场山海之约，隐秘而低调,3,2000,三五好友,深度游 自驾
成都,文艺又摩登的成都，好吃的也不仅仅是火锅,3,1300,独自一人,深度游 徒步 漫游 购物 摄影 美食 人文
西安,梦回长安—西安自驾穿越之旅（附美食合集和汉服拍摄指南）,5,2000,情侣,深度游 自驾 摄影
成都,找一座城遇见不一样的天府之城（美食探店+景点打卡）,5,2800,闺蜜,摄影 美食
成都,跟我走吧，一起去成都走一走，你会发现带不走的居然是它？,7,2000,闺蜜,深度游 短途周末 穷游 自驾 美食 人文 温泉 滑雪 暑假 寒假
绍兴,【老绍兴·醉江南】重回学生时代，重走绍兴路,3,2000,三五好友,深度游 古镇 赏秋
上海,【上海海昌海洋公园】放飞在蓝色的神奇世界里,1,200,三五好友,漫游
成都,成都72小时，如果你秋天来成都的话，不要错过这些地方,3,1000,亲子,漫游 摄影 美食 冬季
喀纳斯,秋后-美腻的新疆,10,2000,三五好友,摄影
腾冲,秋印.➹腾冲,4,1000,家庭,短途周末 自驾 摄影 美食 温泉 赏秋
西安,感受历史，享受美食，超级妈妈带娃吃吃吃的西安四日之旅,4,1800,亲子,美食 人文 赏秋
陇南,一条隐匿在岷山秦岭横断山脉川藏高原的秘境很多人竟不知道！,10,2310,情侣,深度游 自驾 赏秋
阿尔山,探秘《亲爱的客栈2》拍摄地，在阿尔山遇见诗和远方,5,1500,三五好友,第一次 深度游 摄影
丽江,云南|佛系逃亡，在雪山挑战俄舞节奏感，在风花雪月接生七小只。,12,2400,三五好友,第一次 深度游 美食
温岭,曙光首照地，东海好望角——三天两夜领略“山、海、曙光、硐”组成的温岭山海风光,3,2000,三五好友,人文 赏秋
苏州,南海圣境普陀行（木渎古镇，普陀山，周恩来故居;纪念馆）,5,2000,家庭,漫游 赏秋
郑州,深秋中原之行西安洛阳郑州七天自由行,7,2380,情侣,第一次 穷游 美食 人文 万圣节
温岭,多彩温岭，海边的风又吹向远方,3,2500,三五好友,第一次 赏秋
丽江,古色古香的丽江，风花雪月的大理，总会遇见最美自己~,9,2500,独自一人,毕业游
平利,小众陕西薄荷色的夏天，揭开巴山深处的神秘天书,2,450,三五好友,第一次 自驾 夏季 暑假
成都,四天成都美食之旅，原来成都除了火锅，还有这些……,4,2000,三五好友,短途周末 漫游 古镇 美食
溧阳,小众游溧阳，竹海森林里的天然氧吧,3,1000,三五好友,摄影 美食 温泉 赏秋
成都,四天三夜的成都美食之旅，吃货必备的法宝,4,1500,三五好友,漫游 美食 赏秋
成都,逛吃成都，那些你知道的不知道的成都味儿,4,1000,三五好友,摄影 美食
重庆,原来网红城市重庆周边，还隐藏了这三大人文历史景点，值得来！,3,2000,三五好友,第一次 短途周末 自驾 人文
成都,记第一次成都之旅，在美味中度过一段难忘的旅程,4,2000,三五好友,第一次 美食 人文
千岛湖,暖秋时分，你我邂逅美好千岛湖,3,1000,三五好友,短途周末 赏秋
成都,四川|正确打开成都美景美食游记攻略【第二集】,3,2000,三五好友,古镇 摄影 美食
丽水,丽水三城记，赴一场与丽水的秋日约会,5,2000,三五好友,深度游 人文
天目湖,环抱竹海，畅享温泉，这样的周末醉人生！,2,1000,三五好友,短途周末 美食 温泉 冬季
天津,换个城市生活—【天津】,4,1500,三五好友,穷游 美食 赏秋
香港,【跟着汉堡包包游香港】漫步港味旧时光,4,2000,情侣,深度游 短途周末 摄影 美食 人文 五一
溧阳,三番至溧阳，邂逅南山竹海,2,1000,三五好友,深度游 短途周末 摄影 人文 冬季
成都,【成都】好雨知时节，花重锦官城,3,2300,三五好友,短途周末 美食 人文 暑假
重庆,火锅之城文艺重庆,2,2000,家庭,深度游 摄影 美食 人文
济南,KK畅游山东之二,5,2100,闺蜜,徒步 人文 赏枫 赏秋
威海,KK畅游烟台威海之一,4,2300,独自一人,海滨海岛 徒步 赏秋
张家港,【再游张家港】枫叶荻花间，寻港城秋色,3,1000,三五好友,短途周末 摄影 美食 人文 赏秋
东营,黄河入海口，赶一场原始苍茫的秋,3,1000,三五好友,短途周末 自驾 摄影 海滨海岛 赏秋
福州,榕城福州，在八闽首府发现福建别样美,4,2000,家庭,短途周末
甘孜,行行摄摄，西行川西,15,2500,三五好友,深度游 自驾 环游 摄影 夏季
张家港,在如诗的秋季，邂逅如画的张家港,3,1500,三五好友,第一次 短途周末 自驾 摄影 美食 赏秋
苏州,慢游沙洲——一场邂逅江南秋天的旅行,3,2500,三五好友,漫游
怀化,自驾雪峰山这个藏于眼里，埋在心底的秘密,7,1500,情侣,深度游 古镇 摄影 人文
成都,走街串巷！成都带不走的只有你,3,2682,三五好友,第一次 短途周末 美食 人文
成都,CHENGDU旅行美食日记，记录眼中的这座城,3,500,情侣,短途周末 赏秋
衢州,【诗画浙江】山水环抱优美之地、四省通衢绝佳之城，衢州竟可以这样玩,3,1900,独自一人,短途周末 摄影 美食 赏秋
重庆,重庆|山城小众景点及网红美食攻略，以正确的方式打开重庆【第一集】,5,2500,三五好友,美食
马六甲,马来西亚~你给我听着;我们还会回来找你~回忆万岁,6,2500,情侣,第一次 深度游 穷游 漫游 美食 蜜月 探险 国庆
厦门,第四次来厦门，还没离开就想着第五次什么时候能来,7,2838,情侣,穷游 摄影 美食 人文 海滨海岛 赏秋 中秋节
金寨,不一样的天堂寨不一样的天柱山,7,2660,三五好友,自驾 赏秋
成都,锦绣蓉城，让世界爱上成都的N个理由,3,2000,三五好友,美食 人文 赏秋
东山,作别夏天，在秋风吹凉福建之前再去一次东山岛,4,1500,三五好友,深度游 摄影 美食 人文 海滨海岛
重庆,向往的重庆,7,2000,独自一人,第一次
河源,梨花屋舍，万绿湖畔的宁静空间,2,600,三五好友,短途周末 徒步 探险 踏春 夏季 暑假 赏秋
黟县,【炎炎夏日的16:00你还愿意做什么？】碧山、南屏、守拙园、木梨硔,3,600,情侣,短途周末 自驾 古镇 摄影 人文 夏季
临汾,【山西.临汾】有一种美，叫云丘山的秋天,2,2000,三五好友,短途周末 自驾 摄影 赏秋
成都,蓉城三日寻食记之网红店的日常（72小时吃货清单）,3,2000,三五好友,短途周末 摄影 美食 人文 暑假 国庆
成都,成都，带不走的是吃货！吃货带你在成都玩出新花样，吃出新高度！,1,2500,独自一人,美食 赏秋
天津,金秋乌兰布统（坝上草原）,5,1500,家庭,国庆
东营,黄河入海，胜利出油，孙子故里--湿地东营七彩金秋之旅,3,1500,三五好友,深度游 自驾 徒步 摄影 赏秋
济南,因为一篇文，去看一座城,2,550,亲子,美食 短途周末 赏秋
乡宁,【山西】仙境云丘山，醉美十月天,1,2500,三五好友,第一次
塞罕坝,北上直击塞罕坝与乌兰布统，来看秋天的尾巴,3,1800,学生,自驾 国庆
大理,"缘,妙不可言---2018云南自驾",9,2500,三五好友,自驾 徒步 环游 古镇 赏秋
黎平,（美图）遇见黔东南：侗山、侗水、侗家人，光影中的肇兴侗寨,2,800,三五好友,短途周末 古镇 摄影 人文
北京,北京六天自由行,6,2000,家庭,深度游 国庆
惠东,#非泡不可的温泉#邂逅秋日里的小确幸，一家人的慢时光。,1,800,亲子,深度游 短途周末 自驾 漫游 古镇 摄影 美食 人文 温泉 赏秋 冬季 寒假
成都,成都篇小吃货跟我走，我们去找蓝朋友~,5,1500,情侣,深度游 国庆
武义,三天两晚武义游，不只温泉的温泉之城,3,1500,独自一人,第一次 短途周末 温泉
成都,成都，一个重庆妹纸的美食天堂,2,600,闺蜜,短途周末 美食
南京,大魔都&古秦淮穿梭于两个时空,7,1400,情侣,摄影 暑假
思南,黔中郡，思之南，遇见穿透岁月的青瓦高墙,2,1000,独自一人,第一次 短途周末 穷游 古镇 摄影 美食 端午 夏季 暑假
泰山,⛰🚶🏻‍♀️泰山徒步五人行之---疯狂虐腿,3,800,三五好友,深度游 短途周末 穷游 徒步 摄影 美食 探险 人文 五一 夏季
厦门,厦门鼓浪屿&园林植物园｜#想要的诗和远方你都有#,5,2000,三五好友,第一次 穷游 环游 购物 摄影 美食 人文 海滨海岛 春节 踏春
东营,隐秘而小众，一场放飞东营的文化不苦旅,4,800,三五好友,深度游 摄影 美食 赏秋
汕头,潮汕笔记,4,1500,三五好友,美食 海滨海岛 夏季 暑假 国庆
乌兰察布,爱玩尽在两三天自驾乌兰哈达火山群：火山与星空见证下的周年纪念日,3,1000,情侣,深度游 短途周末 自驾 徒步 摄影 探险 人文 夏季 暑假
澳门,澳门拍照全攻略3天2夜，用相机领略多彩旧葡地,3,2000,情侣,漫游 美食 人文 夏季
成都,成都美食之旅，体验不一样的四川美食（一）,3,1000,三五好友,美食
马尼拉,2018年10月爱妮岛科隆最新攻略（穷游）,12,150,独自一人,深度游 穷游 徒步 摄影 美食 海滨海岛 潜水 国庆
开封,聆听古都风韵，看朵朵幸福菊点亮开封城,3,1000,三五好友,漫游 摄影 美食 人文 赏秋
南阳,五天四夜玩转南阳风景，感受出师一表的旷世忠义,5,2500,独自一人,第一次 自驾 摄影 赏秋
攻略,第一次普陀山之行,4,1600,家庭,第一次 摄影
成都,48小时成都，打卡经典景区＋网红美食,2,1000,三五好友,深度游 短途周末 美食 人文
庆城,走进甘肃庆城，去了解这座活着的千年古城,1,100,三五好友,第一次 深度游 古镇 美食 国庆
成都,成都篇美食和美景我都有，你会留下来吗？,3,1000,情侣,短途周末 摄影 美食
南京,南京小清新旅游看这篇就够了,2,1000,独自一人,短途周末 人文
杭州,你问西湖水，偷走她的几分美。——最忆是杭州,3,800,亲子,第一次 摄影 美食 人文 国庆
成都,日达木基旅行记|成都，带不走的只有你。,3,1000,三五好友,深度游 漫游 摄影 美食
杭州,3日游,3,1000,家庭,古镇 自驾 深度游 漫游
广州市,周末自驾｜逃离喧嚣，体验怀旧市井风情与你细说故事,1,500,情侣,短途周末 自驾 摄影 人文
洛桑,瑞士的另一种玩法-洛桑行,1,500,独自一人,短途周末 赏秋
成都,四川|成都三日游完整行程攻略，小众景点和网红美食一个都不错过【第二集】,3,2000,三五好友,短途周末 美食
成都,四川|秋天的成都，三天打卡美景美食游记攻略【第一集】,3,2000,家庭,美食
甘泉,陕北甘泉雨岔大峡谷四大沟一日游风光掠影,1,300,三五好友,第一次 深度游 短途周末 自驾 摄影 探险 赏秋
北京,古色古香VS新晋文艺丨都在容纳百川的北京城里,4,2500,三五好友,第一次 摄影 美食 人文 赏秋
成都,成都吃货指南，秋日探店之行,3,1000,三五好友,漫游 美食 人文 国庆
广州,深度邂逅花城广州，一个四季如春的城市,99+,50,三五好友,第一次 深度游 短途周末 穷游 自驾 骑行 徒步 环游 漫游 毕业游 古镇 购物 摄影 美食 蜜月 探险 人文 婚纱 温泉 跨年 春节 踏春 清明 五一 端午 夏季 暑假 赏秋 中秋节 国庆 万圣节 圣诞 冬季 寒假
香格里拉,云南的经典景点及费用全攻略，给您传授旅游避坑高招！！！,8,2300,家庭,第一次 深度游 摄影 温泉 赏秋
苏州,两日匆匆看青岛,1,1700,三五好友,第一次 短途周末 摄影 赏秋
泸沽湖,浅度跟团游之静谧泸沽湖,4,1000,家庭,第一次 深度游 环游 摄影 国庆
川西,寻找最美秋天如入无人之地的川西,5,2000,三五好友,深度游 自驾 摄影 探险 人文 赏秋
香格里拉,『香格里拉』這一生，所有相遇，都有其意義——『婚紗照』,3,2000,情侣,蜜月 美食 摄影 婚纱 夏季
重庆,第三次打卡重庆走街串巷解锁山城小众玩法，附详细拍照+火锅攻略,3,1500,情侣,短途周末 徒步 漫游 古镇 摄影 美食 人文 赏秋
贺州,离天下山水最近的一座城——贺州自驾三天特色游,3,1500,家庭,短途周末 自驾 古镇 摄影 中秋节
南京,“禅意”南京,7,1500,情侣,深度游 古镇 摄影 美食 人文 国庆
成都,二刷成都,6,2800,家庭,国庆
南京,大白(●—●)跑火车第八期：南京！南京！（2018.10.13）,4,1600,闺蜜,徒步 古镇 赏秋
绍兴,带着老妈南京，苏州，绍兴游,8,2468,家庭,古镇 人文 漫游
成都,嘘！这是我私藏的几家成都美食名片！给你！,3,2000,闺蜜,购物 美食 古镇 摄影 踏春 国庆
武陵源,张家界：全方位游玩张家界，来这里（张家界4天3晚慢游行）,4,2000,闺蜜,穷游 中秋节
张家界,横看成岭侧成峰，远近高低各不同（不跟团，不请地导，纯自由湖南行~~~）,8,2000,家庭,穷游 暑假
琅勃拉邦,印支三国志：琅勃拉邦，时光温润地流淌,3,2000,三五好友,第一次 春节 冬季
成都,成都，带不走的还有美食,1,1500,闺蜜,短途周末 美食
上海,穿过上海追逐诗画苏杭，寻找纯朴的南浔！,6,2200,家庭,深度游 自驾 古镇 美食 国庆
泉州,晃荡·泉州|接地气的鲤城x文艺范的小岞,4,1000,亲子,第一次 摄影 国庆
成都,拜水都江堰，问道青城山,6,2500,家庭,深度游 国庆
八宿,拉风的滇藏线三天之旅---从林芝到香格里拉,3,1500,独自一人,人文 自驾 第一次 探险
婺源,广州出发，一路从婺源拍到宏村——到最美乡村，邂逅遗漏的春光,3,2100,独自一人,第一次 摄影 清明
上海,夜撒落魔影~越夜~越美丽~,5,2300,家庭,第一次 骑行 徒步 漫游 摄影 美食 人文 国庆
赤峰,不止是高光——国庆京郊草原长城亲子自驾游,6,2900,亲子,自驾 徒步 摄影 国庆
河源,#非泡不可的温泉#河源的周末温泉亲子时光，客天下、涟岸·禧悦庄、万绿湖,2,1000,亲子,第一次 深度游 短途周末 自驾 漫游 摄影 美食 温泉 冬季 寒假
厦门,深度玩转厦门体验美好人生（附：去鼓浪屿如何乘船？）,5,2500,情侣,第一次 深度游 短途周末 穷游 国庆
泸沽湖,现实中的“女儿国”我来啦！（美图含攻略）,3,2000,三五好友,深度游 环游 人文 国庆
成都,【成都】武候祠祭古，芙蓉城品味,2,1500,三五好友,短途周末 美食 人文 国庆
克什克腾旗,2018年国庆节克什克腾金秋之旅,5,2000,家庭,自驾 国庆
成都,【成都】草堂何处寻，成都美食记,3,1600,三五好友,短途周末 美食 人文 赏秋 中秋节
霸州,秋之华---国庆野三坡、保定之行,4,1300,家庭,自驾 国庆
成都,本地人推荐玩法，成都景点美食全攻略！,4,1500,三五好友,深度游 美食 人文 赏秋
郑州,从大连到郑州，一次特别旅行体验,4,1000,家庭,第一次 深度游 穷游 徒步 漫游 摄影 人文 国庆
武当山,2018国庆少林武当游记之--问道武当山,2,1500,亲子,第一次 自驾 国庆
南京,南京5天4夜晃荡指南丨似一场久别重逢,5,1000,独自一人,深度游 摄影 美食 夏季
平遥,五天四夜，我爱上了北方的一座城——平遥古城,5,1500,三五好友,第一次 深度游 自驾 漫游 古镇 购物 摄影 美食 人文 暑假 赏秋 中秋节 国庆
杭州,诗里画里，自驾苏杭皖六日游,6,2000,家庭,短途周末 自驾 古镇 摄影 美食 国庆
呼和浩特,在呼和浩特欢度国庆,3,2000,独自一人,第一次 短途周末 漫游 摄影 美食 人文 国庆
澳门,澳门72小时（大三巴和赌场外，那些不争不抢的温润与小巧玲珑的精致）,3,100,独自一人,深度游 美食 摄影 夏季 暑假
天水,甘南(麦积山-拉卜楞寺-黄河九曲第一湾-花湖-郎木寺-尕海)亲子自由行,6,2150,亲子,自驾 国庆 漫游 赏秋
镰仓,【速写东瀛】东京X镰仓，夏の风物诗。,3,2500,独自一人,漫游 摄影 端午
烟台,海天相伴任我行~自驾逍遥逛长岛,5,1500,家庭,自驾 国庆
广州,＃悦野旅行＃走进秀丽自然风貌，夜游璀璨珠江,2,1000,情侣,短途周末 徒步 国庆
连南,2018国庆广东省内亲子自驾游（连南欧家梯田-英西峰林-广州）,6,1100,亲子,自驾 美食 国庆
呼伦贝尔,走了!秋天去呼伦贝尔，在带有孤寂味的大草原返璞归真......,4,2200,三五好友,深度游 自驾 赏秋
防城港,两家人的国庆自驾之旅,5,1500,亲子,海滨海岛 自驾 穷游 国庆
桂林,【人从众𠈌系列】广西龙胜龙脊梯田的天与地！,3,1500,三五好友,短途周末 徒步 摄影 人文 国庆
恩施市,恩施武汉暴晒记,5,2500,独自一人,第一次 人文 夏季 暑假
宁波,沿着海的方向宁波味道,2,1500,三五好友,短途周末 国庆
武当山,游武当，寻胜景，疏疏林叶万山秋,4,1000,家庭,深度游 国庆
丽江,云南之行,5,2600,家庭,踏春
通化,国庆游--磨盘湖、女真摩崖石刻、鸡冠山、五奎山龙泉寺、三角龙湾、吊水壶瀑布,2,1000,家庭,第一次 自驾 赏枫 国庆
常州,常州国庆2日游18.10.2-10.3,2,700,情侣,摄影 徒步 第一次 人文 国庆
东极岛,清浜、东极——一段远离喧嚣的海岛之旅,3,1000,情侣,第一次 自驾 摄影 夏季 国庆
南宫,周末不远游，在这里与家人共度温馨假期,2,300,家庭,短途周末 自驾 摄影 美食 温泉
建德,建德十七度，后青春时代的山水巡礼,3,1500,三五好友,深度游 短途周末 古镇 摄影 美食 人文 国庆
南京,秋风起的日子里，来水慢城品蟹露营,1,1200,三五好友,第一次 短途周末 美食 赏秋
重庆,重庆私享，好玩的好看的热门的全在这儿！,6,2000,三五好友,深度游 短途周末 自驾 跨年 春节 五一 端午 夏季 暑假 国庆 寒假
淮安,食摄淮安，醉卧在西游文化和淮扬菜的香味里,2,2000,三五好友,短途周末 美食 赏秋
丽江,九月和老爸去丽江，来一场说走就走的旅行（超多图超详细）,5,2000,亲子,漫游 赏秋
呼伦贝尔,你到过风吹草低见牛羊的大草原吗？,5,2500,三五好友,深度游 自驾 摄影 赏秋
格雷梅,自东向西横穿土耳其，探秘哈萨克斯坦,12,2000,情侣,深度游 穷游 环游 毕业游 摄影 美食 人文 踏春 五一
桂林,山连绵，水依依，漓江水畔踏歌游,3,2000,亲子,短途周末 中秋节
阳朔,品味阳朔网红美食，穿越千年桂林千古情缘,2,1000,家庭,短途周末
成都,成都，还可以再慢一点。——记一次身体和心灵的救赎。,3,600,三五好友,短途周末 美食
桂林,漫步在漓江山水油画中，唯有桂林美食不可辜负。,4,2500,三五好友,古镇 摄影 美食 暑假
大连,烟台-大连|渤海晶珠号，中国最美游轮，给你最浪漫的海上之旅！,1,166,情侣,第一次 深度游 短途周末 穷游 游轮 环游 漫游 毕业游 摄影 探险 人文 婚纱 海滨海岛 暑假 赏秋 中秋节 国庆 万圣节 圣诞 冬季 寒假
斯里巴加湾,幸福梦乡秘境文莱,1,2500,独自一人,第一次
广州,长隆三日放肆嗨，欢声笑语停不下来,1,1000,三五好友,第一次 深度游 短途周末 漫游 摄影 跨年 春节 踏春 清明 五一 端午 夏季 暑假 赏秋 中秋节 国庆 万圣节 圣诞 冬季 寒假
广州,中秋前的撒欢，欢脱玩乐在长隆,3,1500,三五好友,深度游 摄影
珠海,3天5园，记录一个成年人的长隆狂欢,3,2000,三五好友,深度游 中秋节
广州,畅游长隆，一起掉进欢乐的海洋中丨长隆3日休闲游玩法全攻略,3,1500,三五好友,短途周末 摄影 国庆
天津,闺蜜游乐园，玩转长隆全系，一起哭一起笑一起尖叫！,4,1000,闺蜜,深度游 摄影 中秋节
厦门,2018厦大﹑漳州田螺坑土楼群﹑厦门鼓浪屿4天3夜轻閒游(多图),4,2000,情侣,短途周末 自驾 漫游 古镇 购物 人文 中秋节
桂林,四天深度游桂林阳朔网红景点，揭秘一生必看演出《桂林千古情》顶,4,2500,三五好友,深度游 短途周末 骑行 古镇 摄影
成都,【第一次一个人旅行】在成都的街头走走停停，在暴雨里看大熊猫，爽！,3,1500,独自一人,人文 夏季
厦门,爱厦门爱旅行爱生活,4,2000,情侣,深度游 短途周末 摄影 美食 探险 人文 赏樱
昌黎,ClubMedjoyview北戴河黄金海岸,3,1800,亲子,自驾
同里,同里湖畔，两日的曼妙时光,1,2000,三五好友,短途周末 古镇
阿坝,重走“雪山草地”，跟着红军的步伐去长征,4,500,三五好友,深度游 中秋节
南浔,诗意南浔，掉入江南的温柔乡,1,800,三五好友,第一次 深度游 短途周末
贵阳,6天5晚，去贵阳看梯田啦,6,2000,三五好友,人文 国庆
广州,唤醒你的冒险细胞，开启一场3天2晚的广州+珠海长隆极致之旅,3,2000,三五好友,第一次 深度游 短途周末 自驾 摄影 中秋节
南昌,【忆南昌】红色的记忆，味蕾的回忆~（景点打卡+美食攻略）,3,800,独自一人,第一次 摄影 美食 夏季
杭州,一个人一副行囊，穿越烟雨南浔,4,1500,独自一人,穷游 古镇 摄影 美食 人文 夏季
镇江,镇江西津渡&博物馆1日游18.9.23,1,120,独自一人,古镇 短途周末 摄影 徒步 人文 漫游 中秋节
南浔,探访记忆里的江南，脱身城市喧嚣，来南浔寻一份清净悠然,2,1000,三五好友,短途周末 赏秋
南京,愿你贪吃不胖——南京吃吃吃五日游,5,2,闺蜜,美食 中秋节
阳朔,山水浓情处，阳朔把酒欢,4,2000,三五好友,深度游 漫游 国庆
天台,【手绘游记】觅一方净土，天台的修心之旅,3,2500,三五好友,第一次 短途周末 摄影 美食 人文 夏季 暑假 中秋节 国庆
成都,【时光匆匆再遇蓉城】花式游成都感受新旧文化的万象交融！,2,310,闺蜜,短途周末
蔚县,蔚县印象,2,580,三五好友,漫游 赏秋
成都,【成都】天府有芙蓉，网红美食享不停,2,1300,三五好友,短途周末 美食 人文 夏季 暑假 中秋节
阳朔,八年之痒，终于赴上这场久违的桂林民族风情之约！,1,2000,独自一人,深度游 短途周末 徒步 漫游 摄影 美食
阳朔,回眸阳朔千百眼，留下千古情。,4,2500,独自一人,漫游 摄影 人文
桂林,【桂林印象】领略阳朔的山水看一生必看的演出,3,1500,三五好友,深度游 短途周末 摄影 美食
张家口,张家口——爱上一匹野马，想拥有这片草原,2,1200,三五好友,第一次 短途周末 自驾 摄影
天津,天津四年｜我在这里拍照散步、吃美食（9大必游拍照景点）,4,1500,闺蜜,深度游 短途周末 漫游 美食 踏春 暑假 赏秋 国庆 寒假
北京,我的试睡旅程-流水账-北京橡树公馆,3,999,独自一人,探险 赏秋
宜昌,平湖高峡，神女无恙——三峡四日船游（2017年十一长假游记其二）【图文情怀贴】,4,1800,独自一人,游轮 国庆
深圳,「探访古迹」深圳——你在我眼中是古城，而不是新城。,99+,2000,独自一人,深度游 短途周末 环游 古镇 摄影 探险 人文 婚纱 海滨海岛 踏春 清明 五一 暑假 赏秋 中秋节 国庆
凤凰,魅力湘西，烟雨凤凰,4,1800,三五好友,自驾 古镇 人文
长沙,KK武功山、长沙三日行,3,1600,闺蜜,短途周末 穷游
郴州,感受高椅岭，你是自在如风的少女,1,50,三五好友,穷游 徒步
桂林,行走诗画间：水墨般的山水画卷，色鲜香的桂林美食，总算遇见你,4,1500,情侣,深度游 摄影 美食 五一 暑假 中秋节 国庆
阳朔,沉醉在桂林的山水之间，唱响一曲感天动地的千古传奇,4,1800,家庭,漫游 摄影 五一 暑假 中秋节 国庆 寒假
恩施,湖北恩施旅游3日游（正确的）旅游攻略打开方式,3,1200,家庭,短途周末 自驾 徒步 毕业游 古镇 摄影 人文 赏枫 夏季 暑假 赏秋 中秋节 国庆
北京,圆父母的首都情结,7,2700,家庭,漫游 赏秋
西安,实习逃离记之西安,4,1300,独自一人,穷游 夏季
阿尔山,呼伦贝尔大草原，是牛羊的天堂，是草的家乡……,10,2200,家庭,自驾 暑假
香港,ffya的香港游记~（西环泳棚+中环+石澳+油尖旺）,2,1000,独自一人,短途周末 漫游 购物 摄影 美食 人文 五一 夏季 暑假 中秋节 国庆 圣诞 冬季 寒假
五指山,广东这个景区一天能游三省游客大呼值回票价,4,1200,三五好友,第一次 短途周末 摄影
阳朔,第1站-桂林&阳朔（休闲游）,5,2000,情侣,第一次 夏季
济南,山东青岛，一直想来的城市，勇敢的请假说走就走吧,5,400,闺蜜,穷游 摄影 美食
兰州,七月西北行,5,2000,情侣,毕业游 暑假
沈阳,小鲁面の盛京历史-换个视角看沈阳【沈阳旅游精华版】,2,1000,学生,短途周末 摄影 人文 端午
镇江,南京镇江四日开心之旅,4,1200,闺蜜,美食 赏秋
抚仙湖,广州出发滇东南（普者黑、抚仙湖、九龙瀑布群）9日自驾游,9,2500,家庭,自驾 古镇 摄影 美食 人文 暑假
黄山,3天2晚游黄山烟雨江南看星空天天火烧云水墨画般的宏村夜访猪栏酒吧,3,1500,三五好友,短途周末 古镇 摄影 五一 夏季 暑假
重庆,一人一包一台相机，山城重庆行摄记录,4,1200,独自一人,第一次 深度游 穷游 徒步 毕业游 摄影 夏季 暑假
青岛,【J_旅行手记】二刷青岛丨归来，像从没离开过,3,2000,三五好友,徒步 美食 清明
伊斯兰堡,萨拉姆，伊斯兰堡的陌生人,3,1200,独自一人,第一次 漫游 摄影 探险 人文 暑假
韶关,在田野乡间，寻觅久违的童年时光,2,500,三五好友,短途周末 摄影 美食
始兴,闲游客家小城——始兴红梨村、红沙漠、东湖坪,2,800,三五好友,第一次 深度游 短途周末 自驾 漫游 古镇 摄影 美食 人文 夏季 暑假
第比利斯,揭开神秘的高加索面纱，走进“火与水”之国：阿塞拜疆、格鲁吉亚,14,2650,情侣,美食 毕业游 摄影 人文 深度游 环游 穷游 国庆
韶关,去韶关，走进红梨村，尽享田园风情,2,600,三五好友,短途周末 穷游 徒步 古镇 美食 夏季
黄果树,自驾慢游安顺三日，画卷里的贵州,3,1000,情侣,自驾 赏秋
平遥,遇见平遥——坐着火车过周末，暴走24小时一起来玩转千年古城,2,700,独自一人,短途周末 徒步 漫游 古镇 购物 摄影 美食 人文 夏季 暑假
厦门,【清新福建】中国最美环海公路，秀色可餐的美景令人流连忘返,3,1000,三五好友,深度游 海滨海岛 暑假
怀柔,慕田峪长城旅游2018最新攻略”，告诉您慕田峪长城怎么去，怎么玩？,1,150,三五好友,深度游 赏秋
龙岩,周末龙岩行|访土楼、探美食、寻古迹,2,800,情侣,第一次 深度游 自驾 摄影 美食 人文 春节 踏春 清明 五一 端午 夏季 中秋节 国庆
上海,打卡魔都上海，4天穿越经典文艺与小众,4,2500,情侣,第一次 徒步 漫游 古镇 摄影 人文 赏秋 中秋节 国庆
香格里拉,朝拜神的住所|远赴尘封的香巴拉,3,2500,三五好友,深度游 徒步 摄影 探险 暑假
婺源,【你把我养大，我陪你变老】——去婺源品一场秋,4,1500,家庭,穷游 古镇 赏秋
南昌,【南昌】红色漫卷英雄城，美食就在眼前,3,1700,三五好友,短途周末 美食 人文 夏季 暑假 中秋节
阳朔,【桂林】山水有相逢，余生不可负阳朔,4,2000,三五好友,深度游 摄影 夏季 暑假 赏秋 中秋节 国庆
遂昌,【浙江·遂昌】画里仙境，流连忘返青山间......,2,1800,三五好友,自驾 摄影 踏春 五一
桂林,桂林－山水之间且听风吟,4,1500,家庭,漫游
深圳,深圳西涌鹤薮，被遗忘的古村落,3,600,闺蜜,第一次 短途周末 摄影 美食 夏季
贵阳,迟到的爽爽的贵阳，吃到的确实最地道的贵阳味,3,1500,家庭,短途周末 漫游 摄影 美食 暑假
苏州,来这五色的流年，繁华风光想去看！,13,2500,家庭,自驾 古镇 美食
杭州,三游人间天堂杭州,4,2500,情侣,穷游 赏秋
阳朔,3天2晚，带着萌宝游阳朔，如诗如画美景如仙,3,1300,亲子,短途周末 夏季
济南,[济南.青岛纪行]乘着初夏的风，跨越800KM去看你,6,2000,三五好友,摄影 美食 夏季 暑假 国庆
厦门,揭露厦门AB面，闽朴与小资，这样交融的生活才是真厦门！,2,1500,三五好友,深度游 短途周末 漫游 美食 夏季 暑假
贵阳,贵州一人行‖小女子进山记之纯玩7日走遍有山有水的黔州,9,2500,独自一人,深度游 穷游 漫游 古镇 摄影 美食 探险 人文 国庆
克尔曼,亚洲九国环游记-1397年，我们闯入波斯伊朗,11,2500,情侣,深度游 穷游 环游 毕业游 古镇 摄影 美食 探险 人文 踏春
厦门,【史上最强】最完美最省钱五一厦门4DAYS,4,700,学生,第一次 深度游 短途周末 穷游 徒步 环游 漫游 购物 摄影 美食 春节 五一
西安,暑期西安四日游-----带孩子追溯历史，带全家梦回长安（详尽攻略型游记）,4,2500,家庭,人文 暑假
焦特布尔,亚洲九国环游记-在彩色的印度追寻自己,13,2500,情侣,深度游 穷游 环游 毕业游 摄影 美食 人文 踏春
台山,KK带你玩转台山——那琴地质公园,1,170,三五好友,短途周末 自驾 摄影 夏季 暑假
金门,小金门的夏日协奏曲,3,1500,闺蜜,短途周末 骑行
江门,古风侨韵，陈皮香伴，细细品味江门新会,3,800,三五好友,短途周末
威海,青岛青岛为你倾倒,9,2000,家庭,漫游 夏季
黎平,重走长征路，云贵川三省自驾游,10,300,三五好友,自驾
珠海,珠海亲子游攻略三天可以这样玩,3,1600,亲子,短途周末 自驾 海滨海岛 温泉 暑假
南阳,品人文，赏山水，原来南阳这么美,3,2500,三五好友,短途周末 暑假
重庆,你好，旧时光！——一个人冰火两重天的五天四夜重庆自由行（附游玩及拍照攻略）,5,1655,独自一人,第一次 深度游 穷游 徒步 摄影 美食 人文 夏季 暑假
周庄,还你一个真实的周庄两天一夜,2,500,情侣,短途周末 徒步 古镇 夏季
张家港,纵情high，属于张家港的夏日童话,3,2000,三五好友,古镇 摄影 美食
上海,都市繁华&弄堂喧嚣&校园宁静&展览精彩——上海暴走五日游,5,2500,学生,第一次 穷游 摄影 人文 夏季 暑假
黄山,黄山脚下避暑游，让漂流清凉你的夏季,2,500,闺蜜,第一次 短途周末 古镇 摄影 人文 夏季 暑假
吉隆坡,【吃货眼里的大马-吉隆坡篇】,3,600,独自一人,穷游 美食 夏季
阿拉善左旗,“世间最美的情郎”“雪域最大的王”在贺兰山中广宗寺你见，或是不见？,1,100,三五好友,深度游 自驾 摄影 人文 夏季
莫干山,自驾莫干山，探寻网红民宿的新格调,3,2500,家庭,短途周末 自驾 暑假
江门,慢游新会，细品历史的轨迹跟舌尖上的味道,4,1200,三五好友,第一次 短途周末 摄影 温泉
乡宁,80mm的光影，感受蜿蜒山路上的夏日凉风,3,2000,三五好友,深度游 人文 夏季
宁波,#东南DX3夜猫行动#抓住夏天的尾巴，宁波象山·中国渔村，我们一起赶海去~,2,500,三五好友,短途周末 自驾 摄影 夏季 暑假
宁波,【诗画浙江】东海这座普通渔村，坐拥惊艳全球的天空之镜，堪称中国第一渔村,3,1500,三五好友,海滨海岛 夏季
函馆,邂逅浪漫之城：函馆2日游分享（含日式轮渡攻略）,2,1500,家庭,摄影 夏季 暑假
桂林,三口之家的桂林游记,5,1335,家庭,第一次 美食 摄影 暑假
乌海,全国有哪一个城市能比它更拽：出门坐游艇，推窗望沙漠，不服来战啊！,2,500,三五好友,深度游 自驾 摄影 人文 夏季
遂昌,遂昌有约，关于你的美好，我写了封长信，可曾收到？,3,1500,三五好友,短途周末 自驾 摄影 暑假
南京,探六朝古都，游金陵，赏白雪映秦淮-南京4days#东南DX3夜猫行动#,4,1250,学生,第一次 穷游 摄影 寒假
瑞丽,行云天水间从繁华到宁静腾冲-瑞丽-诺邓9日行记,9,2000,家庭,自驾 漫游 古镇 摄影 人文
北京,抓住暑假的尾巴~七夕节~北京我们来了~~~,5,2000,亲子,漫游 暑假
大叻,任我独行纵观越南，趁年轻还是让自己疯一点要紧,10,2000,独自一人,穷游 徒步 摄影 美食 踏春
青岛,没有蓝天的青岛也是美的,4,2000,情侣,穷游 暑假
青岛,五一青岛12个仙女拍照点，吃货必去网红小吃店拔草以及风景大好稀客仙境大合集,3,500,情侣,摄影 美食 五一
三门峡,寻觅白天鹅和神秘古村落,2,300,亲子,短途周末 冬季
桂林,#东南DX3夜猫行动#十年，寻找童年时的桂林印象,4,1500,三五好友,暑假
锦州,随心的辽西之旅——锦州、阜新古迹探寻,4,900,情侣,自驾 夏季
平遥,平遥古城，我和小半的平遥约定,4,1500,闺蜜,穷游 古镇 购物 美食 人文 夏季 暑假
南浔,南浔丨岁月刻在围墙上，故事都在围墙里,2,1000,三五好友,短途周末 古镇 摄影 暑假
南宫,夏日玩水？来南宫放肆一“夏”,2,600,亲子,短途周末 暑假
西宁,大概是青海小环线最详细的攻略了,6,1800,学生,毕业游
厦门,5天4晚厦门自由行,4,2000,情侣,蜜月 第一次 暑假
南浔,【诗画浙江】中国最具特色古镇：看不够的自然风光，说不尽的历史故事,3,1000,三五好友,古镇 夏季
怡保,【吃货眼里的大马-怡保篇】,3,690,独自一人,第一次 深度游 环游 漫游 摄影 美食 人文
温州,脚踏食地·来温州，我吃了猪脏粉炒粉干敲鱼江蟹生炊饭……杏仁腐米面灯盏糕,3,2000,独自一人,深度游 美食 清明
杭州,三天两晚杭州行，老景点玩些新花样,3,1600,独自一人,短途周末 漫游 摄影 夏季 暑假
武汉,一座城，一栋塔，一条街，一方桥——武汉经典一日游攻略,2,1500,三五好友,深度游 短途周末 摄影 美食 人文 夏季 暑假
成都,（成都本地人推荐玩法）九天开出一成都，带不走的只有你！（三）,1,500,家庭,深度游 短途周末 人文 暑假
呼伦贝尔,和呼伦贝尔大草原最美的约会,4,2000,家庭,自驾 暑假
桂林,八桂仙境，在漓江静谧的时光里流浪,5,1500,家庭,深度游 短途周末 穷游 骑行 漫游 古镇 摄影 夏季 暑假
重庆,一家人游重庆,3,1200,家庭,短途周末 美食 人文 暑假
天柱山,缘分天注定，情系天柱山,5,2000,三五好友,深度游 徒步 摄影 暑假
北京,北平早秋漫步于青砖红墙间，追一抹暖暖斜阳,5,2500,独自一人,人文
杭州,留迹杭州，留忆嘉兴,4,2330,三五好友,第一次 古镇 冬季
惠安,惠风和畅，安闲自得~2018说走就走的惠安之旅,2,247,亲子,海滨海岛 暑假
北京,不出京城，假装在夏威夷！一起去南宫做玩儿水的孩子吧！,2,600,亲子,短途周末 夏季
阳朔,甲桂林的阳朔怎样玩？四天行程攻略，拿上就走#东南DX3夜猫行动#,4,1000,亲子,深度游 自驾 古镇 暑假
南浔,漫步南浔，探寻江南富豪奢华前卫的私家别院,2,2000,三五好友,短途周末 古镇 美食 人文
西宁,一路向西，南方人在大西北,6,2350,三五好友,第一次 自驾 端午
平遥,千年古城——平遥古城三天两夜自由行详细攻略,3,1200,独自一人,漫游 古镇 购物 摄影 美食 人文 夏季 暑假
苏州,#东南DX3夜猫行动#苏州三日谈：长夏悠悠风物好,1,800,情侣,深度游 短途周末 古镇 摄影 美食 人文 端午
安庆,#东南DX3夜猫行动#北纬30°的浪漫，缘份“天柱”定，悠然在潜山！,3,1500,三五好友,第一次 自驾 摄影 暑假
杭州,一眼千年，去杭城体会南宋繁华,2,2000,三五好友,短途周末 摄影 暑假
桂林,初访桂林，盛夏蝉鸣和温柔的你,5,1000,三五好友,深度游 摄影 美食 暑假
上海,[购物]是时候全方位得高大上了——来魔都体验三大等级八大商圈！！,1,1000,三五好友,短途周末 购物 夏季 暑假
重庆,和姐姐的西南行——重庆,3,1300,家庭,人文 美食 夏季
嵊泗,花鸟岛｜只要海风在吹，我都会想你（附超新登岛攻略）,3,1300,三五好友,短途周末 漫游 美食 海滨海岛 夏季
神话世界,玩转济州神话世界，网红美食与刺激水乐园的盛夏之旅,3,2000,三五好友,摄影 海滨海岛 夏季 暑假
黑水县,雪山遇见彩林，奶子沟遇见卡龙沟，千年古寨遇见新式藏寨，哈雷遇见彩跑....,7,1200,三五好友,自驾 环游 摄影 人文 冬季
青岛,【旅行蜜语】青岛，风情万种的海滨城市---不得不爱,7,1888,独自一人,海滨海岛 暑假
厦门,6810组合第三站：厦门,4,1500,亲子,第一次 暑假
扬州,烟花三月自驾锡扬宁淮连；和父母享受春的美丽——之二,8,2700,家庭,深度游 自驾 赏樱 温泉 踏春
兴义,贵州自驾六日游,6,1600,三五好友,自驾 徒步 摄影 人文 夏季 暑假
济南,济南青岛五日自由行,5,2000,家庭,海滨海岛 美食 夏季 暑假
满洲里,一段旅途，hi满洲里,2,800,家庭,短途周末 穷游 漫游 购物 摄影 人文 夏季
杭锦旗,在联合国防治荒漠化公约主席国“会客厅”做客海吃美食揽尽美景吐血攻略！,2,1500,三五好友,深度游 自驾 摄影 美食 夏季
乌兰察布,【乌兰察布，探寻草原深处的蒙古风情】,4,2000,三五好友,自驾 摄影 人文 夏季 暑假
香港,#香港美食地图#带上你的胃，我们一起出发香港！,2,700,三五好友,第一次 深度游 短途周末 摄影 美食 暑假 国庆
镇远,暑假游贵州——十省市的游客有福啦,11,2500,家庭,自驾 暑假
太原,#东南DX3夜猫行动#行走晋冀，亲临黄河壶口瀑布,5,1500,情侣,环游 摄影
墨尔本,自驾畅游大洋路～难忘的2018春节,3,1500,亲子,自驾 春节
青岛,两天两夜青岛旅游全攻略‖这个周末去青岛啤酒节喝正宗青岛啤酒,3,2500,独自一人,第一次 深度游 短途周末 毕业游 摄影 美食 人文 海滨海岛 暑假
阿坝,【成都周边游】仙境般的浮云牧场，网红拍照胜地攻略,3,400,三五好友,第一次 短途周末 自驾 环游 毕业游 摄影 蜜月 探险 春节 踏春 五一 夏季 暑假 国庆 寒假
埃里温,亚美尼亚在上帝的后花园，与神同行,9,2500,独自一人,深度游 摄影
攻略,自駕5日遊,5,2000,家庭,自驾 暑假
涠洲岛,涠洲岛，那些一定要去拍的点,4,1000,三五好友,穷游 环游 毕业游 摄影 美食 潜水 暑假
伊金霍洛旗,冷兵器时代看中国史上最大疆域版图是怎样炼成的（含超大景区成吉思汗陵旅游攻略）,1,260,三五好友,深度游 自驾 摄影 人文 夏季
厦门,两个吃货的厦门游,5,2800,情侣,第一次 穷游 夏季 暑假
南京,六朝古都，暴汗南京,3,800,闺蜜,美食 摄影 暑假
敦煌,大西北丝绸之路环线之旅,7,2500,三五好友,美食 自驾 深度游 穷游 婚纱
广州,#广州美食地图#带你开始一场说吃就吃的旅行~,3,800,三五好友,第一次 深度游 短途周末 摄影 美食 暑假
台州,【漫画游记】细品台州味，山水道不完！,6,2000,三五好友,短途周末 漫游 古镇 美食 人文 赏秋
鄂尔多斯,带着宝贝去旅行，少年那达慕见证你勇敢的心,3,1500,亲子,深度游 夏季
临潼,#东南DX3夜猫行动#不见长安带着汉服去旅拍,2,1500,情侣,深度游 短途周末
普兰店,瓜皮岛·一点不瓜皮,2,500,家庭,短途周末 海滨海岛 夏季
三亚,椰风与海岛,8,2500,亲子,海滨海岛 暑假
兰州,寻觅九色甘南，驻足藏地佛国,4,1500,亲子,第一次 夏季
遂昌,坐看仙境山云涌动，造访红色文化古镇丨遂昌3日休闲游,1,1800,情侣,深度游 夏季
开封,与历史亲近的时刻·寻迹中原#️清明河上开封洛阳郑州登封5日,5,2029,独自一人,人文 清明
大理,那一年我們在大理💕,3,2500,情侣,美食 古镇 摄影 人文 深度游 穷游 夏季 暑假
蓬莱,人间仙境，至美蓬莱长岛,3,1000,独自一人,短途周末 穷游 摄影 海滨海岛 夏季 暑假
达拉特旗,响沙湾沙海前方高能！大沙漠遭遇暴雨冷到你恨不得穿羽！绒！服！,1,460,三五好友,深度游 自驾 摄影 美食 夏季
长沙,#东南DX3夜猫行动#吃不了辣，也能在长沙快乐一夏（逛吃打卡+莽山行记）,6,2020,三五好友,深度游 摄影 美食 人文 暑假
成都,#跟着白大叔逛吃逛吃#将《街头美食斗士》中的小吃一网打尽第一集#成都篇#,3,800,三五好友,短途周末 美食
长沙,#长沙美食地图#长沙美食探店，带你吃最好吃的湘菜,3,700,三五好友,第一次 深度游 短途周末 摄影 美食 暑假
乡宁,三天三夜，诉不尽的云丘山山水美卷,3,2000,三五好友,深度游 自驾 摄影 人文 夏季
长沙,【旅行日记】性价比之王——吃在长沙，玩在张家界！！！,8,2400,独自一人,第一次 深度游 穷游 自驾 漫游 毕业游 摄影 美食 夏季 暑假 赏秋 国庆
桂林,逃离城市——遇见最美的桂林山水与龙脊梯田,5,2000,独自一人,第一次 深度游 摄影 人文
吕梁,陕晋之行游记,10,2800,三五好友,深度游 端午
西安,2018的第一场旅行——甘肃,6,2400,三五好友,第一次 冬季
成都,欢乐成都三家同游,6,1500,家庭,穷游
乡宁,云巅归来不看山，置身秘境云丘山,4,2000,三五好友,徒步 夏季
杭州,3日游,4,1000,情侣,美食 古镇 穷游
连云港,连云港观连云老街山海石城，探世外桃源宿城海上山,2,500,家庭,短途周末 春节 冬季 寒假
溧阳,2018年夏天常州溧阳天目湖2天2夜攻略（山水园、水世界、御水温泉）,2,1450,情侣,第一次 短途周末 温泉 夏季 暑假
攻略,1日游,4,2000,亲子,深度游
象山,【短途周末】上海周边的10个世外桃源，游山、古镇、岛屿，两天足够了！,2,300,三五好友,短途周末 穷游 自驾 古镇 摄影 美食 夏季 暑假
龙南,赣南地区隐藏着一座山、一座城，竟如此少人知,3,600,闺蜜,第一次 夏季 暑假
唐山,【百年唐山】140年开埠史，赴一场工业和海岛的主题旅行,5,1300,三五好友,深度游 穷游 人文 海滨海岛 暑假
遂昌,#东南DX3夜猫行动#自驾云上遂昌，漫游汤显祖笔下的山水画卷,3,2000,三五好友,短途周末 自驾 古镇 摄影 人文 夏季 暑假
南京,夏日之旅～巴布洛亲子两日,2,100,亲子,自驾 暑假
武陵源,【想念湘西】在沱江嬉戏在张家界等一场山雨,5,2000,学生,深度游 古镇 人文 夏季
三亚,海南十天九晚自由舒适经济游,10,2000,情侣,深度游 漫游 暑假
无锡,"""夏""江南，让时光停留在无锡山水间",2,1000,三五好友,短途周末 暑假
日照,自驾去日照看海——圆媳妇儿梦想,5,1500,家庭,自驾 暑假
石家庄,石家庄最值得打卡景点！大哥教你在国际庄做网红！！！,1,200,三五好友,深度游 短途周末 购物 摄影 美食
成都,【清凉一夏】西南行☞1800元教你玩遍西南三省五市,6,1800,学生,深度游 穷游 漫游 毕业游 摄影 美食 夏季 暑假 赏秋
惠州,#东南DX3夜猫行动#岭南回忆录|湖光山色，惠民之州,1,500,独自一人,短途周末 夏季 暑假
青岛,【小预算】教你穷游青岛——逛沙滩、吃海鲜、住民宿，美食美景全攻略！,3,500,三五好友,短途周末 穷游 漫游 毕业游 购物 摄影 美食 海滨海岛
广州,带娃畅玩广州长隆野生动物世界，有这一篇就够了！,2,1000,亲子,短途周末 夏季
德江,欢乐德江，我恨此时才与你相遇,4,2000,三五好友,自驾 美食 人文 夏季
攻略,【去玩儿啊】八月最佳旅行目的地大盘点/8个精选好去处/快快约起来,3,2000,三五好友,第一次 深度游 短途周末 自驾 骑行 徒步 环游 漫游 毕业游 古镇 摄影 美食 探险 人文 海滨海岛 潜水 夏季 暑假 赏秋 中秋节 国庆
密云,美丽密云，彩色密云,1,1000,情侣,短途周末 暑假
无锡,#东南DX3夜猫行动#江南行｜邂逅锦绣滨湖，遇见禅意无锡,3,2000,三五好友,摄影 人文 夏季
海拉尔,这个夏天相约一起“风吹草低现牛羊”：盘点内蒙古的四大草原景点,5,2500,闺蜜,自驾 摄影 夏季 暑假
西安,【穷游】国内7个最适合小预算的旅行地，省钱很开心，快来皮一下,3,2000,独自一人,深度游 短途周末 穷游 骑行 徒步 漫游 毕业游 古镇 摄影 人文 海滨海岛 夏季 国庆
吉隆坡,🌸炎夏の吉隆坡自由游荡🌸,5,1900,家庭,美食 人文 漫游 夏季 暑假
重庆,【从你的全世界路过——重庆站】,4,1000,情侣,自驾 摄影 美食 冬季
安吉,身处安吉全真谷，享受舒适安逸的“世外源”，亲子三日游之安吉最强攻略,3,1200,亲子,短途周末 自驾 夏季 暑假
象山,象山石浦／檀头山岛2天1夜一座渔村，一座离岛，海便不是一个遥远的梦,2,700,三五好友,短途周末 夏季
古镇,【避暑】今年的七八月就去这9个清爽好地儿古镇老街/高原湖泊美滋儿滋儿,3,2000,独自一人,第一次 深度游 穷游 自驾 徒步 漫游 毕业游 古镇 摄影 美食 探险 人文 夏季 暑假 国庆
重庆,重庆｜带你去看心底那座山城5天5夜深度游（人文／风光／美食）,5,2300,闺蜜,摄影 美食 人文 春节
宁波,4日游,4,1500,闺蜜,美食 海滨海岛 第一次 环游
武汉,武汉｜带你去看心底那座江城3天3夜寻樱之旅（樱花／美食／人文）,3,900,情侣,美食 人文 赏樱 踏春
合肥,安徽天柱山、安庆、合肥春节两日（济南火车往返）,2,1000,独自一人,徒步 摄影 美食 人文 春节
平阳,海岛、古宅、南雁荡，4天3晚解锁小城平阳,4,2000,三五好友,短途周末 自驾 毕业游 古镇 摄影 美食 蜜月 人文 海滨海岛 五一 端午 夏季 暑假 国庆
涠洲岛,一片海，一座岛，一场梦,3,1000,情侣,深度游 短途周末 游轮 摄影 海滨海岛 夏季 暑假
无锡,无锡旅行，一场丰富多彩的影视文化探索之旅,2,1500,三五好友,深度游 古镇 摄影 人文 夏季
黄山,黄山旅游攻略（汇总篇）,3,1000,三五好友,第一次 夏季
象山,暑假去哪儿玩｜找一个有山有海的地方，钓鱼、放羊、抓螃蟹，过着向往的生活,1,1600,亲子,自驾 古镇 摄影 美食 海滨海岛 夏季 暑假
宣城,"【仙居龙隐】今夏玩透国内这5座城市""听说每升高100m气温下降0.6℃""",3,2000,三五好友,第一次 深度游 短途周末 穷游 漫游 毕业游 古镇 购物 摄影 美食 人文 夏季 暑假 国庆
呼和浩特,黄河出内蒙奔山西豪情万丈挥就惊世骇俗太极一湾与君赠别！,1,200,三五好友,深度游 自驾 摄影 夏季
金川,【佛国色达】安守一方净土，静处一世红尘,3,600,三五好友,自驾 漫游 端午
成都,新时旧味|我把“胃”留在了成都,4,2000,家庭,摄影 美食 暑假
马斯特里赫特,你说这个周末有点闲--2月带着爸妈去荷兰马斯特里赫特/阿姆斯特丹双城记,2,1000,家庭,短途周末 自驾 冬季
日照,直到我和你，来到日照的海边,4,2000,三五好友,海滨海岛 夏季
重庆,小预算玩遍重庆☞重庆景点全攻略！！！,4,1500,三五好友,深度游 摄影 美食 人文 暑假 赏秋
清水河,万万没有想到老牛湾声名鹊起原来竟是“引黄入晋”工程“失手”的严重后果！,1,200,三五好友,深度游 自驾 摄影 夏季
潮州,9天半广东福建自驾游,10,2893,家庭,自驾 暑假
无锡,无锡国际艺术童乐节，暑期亲子正当时,2,1000,亲子,第一次 夏季 暑假
厦门,海风已在海边投递完毕，请注意查收。最小众的厦门之旅和最好的你,4,1900,闺蜜,短途周末 摄影 美食 夏季
成都,成都的错误打开方式？超时速打卡美食，快要被撑死在成都！,3,500,三五好友,穷游 美食
成都,（成都本地人推荐玩法）九天开出一成都，带不走的只有你！（二）,2,500,三五好友,深度游 短途周末 美食 暑假
太原,山西——一个有故事的地方，3天穷游怎么玩？,3,1500,三五好友,第一次 短途周末 穷游 古镇 摄影 美食 人文 清明
北京,荷塘月色，花开半夏—关于帝都的夏天记忆,3,1000,三五好友,短途周末 摄影 美食 人文 夏季
珠海,生于珠海，喜欢走在珠海小众的路上,3,150,独自一人,第一次 夏季
攻略,【避暑】国内9个凉丝丝的夏日最佳清凉地泉水哗啦啦流/山风嗖溜溜吹附美食路线,3,2000,独自一人,第一次 深度游 短途周末 穷游 骑行 徒步 漫游 毕业游 古镇 摄影 美食 探险 人文 夏季 暑假 国庆
康定,【自驾318】与川西初相见，归来仍是少年,7,2000,三五好友,自驾 摄影 国庆
郴州,这个世外桃源99％的人都没来过！逃离喧嚣，享受慢时光（附美食线路攻略）,2,600,三五好友,短途周末 穷游 骑行 徒步 摄影 美食 人文
大连,【大连】有一种风景叫海蚀地貌,7,2500,三五好友,自驾 摄影 海滨海岛 端午
攻略,【夏天出发】精选国内5条夏日最美游玩线路/邂逅中国大半的美+36个精华景点推荐,3,2000,三五好友,深度游 穷游 自驾 骑行 漫游 毕业游 摄影 探险 人文 潜水 春节 踏春 夏季 暑假 中秋节 国庆 寒假
铜仁,探秘北纬27°绿色方舟，瞻望亿年时光（梵净山）,3,2000,三五好友,短途周末 徒步 人文
澳门,趁奔三儿，来一场疯疯癫癫的说走就走吧！比心❤,4,2000,闺蜜,短途周末 夏季
苏州,2000多块钱，7天，从北京到江浙游玩4城！——记一年一度的年假旅游,6,2500,三五好友,穷游
日照,单车自驾：邯郸日照，畅游蓝天碧海之间,5,1800,家庭,深度游 自驾 海滨海岛 暑假
古巷,国内热门旅游城市最美古巷Top10想穿越到过去感受“从前慢”的生活,2,1000,独自一人,短途周末 漫游 古镇 摄影 人文 夏季 暑假
少昊陵,【穷游】国内最适合小预算的10个旅游城市低消费/高颜值骗你是小狗汪汪~,3,2000,独自一人,第一次 短途周末 穷游 骑行 徒步 漫游 毕业游 古镇 蜜月 人文 海滨海岛 春节 夏季 暑假 赏秋 国庆 寒假
泉州,三月半，刺桐港,5,1000,独自一人,第一次 深度游 摄影 美食 人文 踏春
大同,2018年7月初恒山、大同、草原天路自驾游,3,800,家庭,自驾 暑假
塞维利亚,塞维利亚半日游,1,2000,情侣,深度游 自驾 徒步 漫游 摄影 人文 春节
格尔木,自驾西藏拉萨-格尔木青藏线1万字200图最新收藏级完全路书暨攻略,14,1000,三五好友,深度游 自驾 摄影 夏季
张家界,毕业季：张家界国家森林公园、天门山毕业旅游（美图、攻略）,3,1847,三五好友,毕业游 暑假
正蓝旗,雕栏玉砌早不在不仅仅朱颜改元上都弹指挥间一抔黄土掩尽风流,1,80,三五好友,深度游 自驾 摄影 夏季
北京,北京一站式吃喝玩乐全攻略丨最详细的攻略，只看这篇就够了,5,2500,家庭,深度游 徒步 美食
日照,2018圆梦日照，我终于看到日出东方而先照的阳光了。,4,800,闺蜜,自驾
昆明,山美雪美你更美，诗情画意惹人醉——最美昆明轿子雪山攻略及完美拍照指南,1,300,情侣,冬季 寒假
建德,这个夏天，我们一起去17℃的建德做个耐寒勇士,2,1000,三五好友,短途周末 自驾 暑假
日照,小时候妈妈对我讲，大海就是我故乡,1,2000,亲子,深度游 自驾 海滨海岛 夏季 暑假
银川,风舞黄沙，银川如画，陪你浪迹天涯，看你笑靥如花。,4,1500,情侣,第一次 古镇 摄影 美食 人文 国庆
攻略,盘点国内9个最适合恋爱的浪漫风景这个七夕带上ta去感受爱情吧,3,2000,情侣,短途周末 漫游 蜜月 人文 婚纱 海滨海岛 夏季 暑假
南川,穿越皖南川藏线作者：青青河边草,2,500,三五好友,短途周末 夏季
湛江,四天三晚粤西游，跟着高铁去感受湛江的水色山光！,1,2500,三五好友,深度游 夏季
清迈,#东南DX3夜猫行动#留在清迈的相聚时光,7,2500,闺蜜,深度游 摄影 人文
建德,【浙江.建德】一场关于17℃的青春旅行记,3,2000,三五好友,第一次 短途周末 徒步 摄影 人文 赏樱
博卡拉,谈谈冬季无向导，负重33斤，手握630RMB，14天徒步ABC大环线的小故事,14,630,三五好友,穷游 徒步 探险 跨年 冬季
湛江,湛蓝的海、湛蓝的天，乘坐高铁4天3晚带你游湛江,4,1500,三五好友,自驾 人文 暑假
广德,沉浸在广德的山水之中，等待你的探寻！,3,2000,三五好友,深度游
厦门,那片花儿那片海，这有美食这有爱——厦门,3,1500,情侣,短途周末 五一
厦门,『厦』一站，花开如梦,5,1500,三五好友,第一次 摄影 美食 夏季
丽江,四天四夜丽江小游，来一场不同的纳西之旅,4,2400,情侣,深度游 古镇 暑假
重庆,抖动重庆的夏天~~解锁网红3D重庆的玩法,5,2000,三五好友,摄影 美食
新安江,微风不燥气温刚好，17℃的夏季只想和建德新安江腻在一起,2,1200,三五好友,短途周末 自驾 摄影 暑假
丽江,云南佛系游,6,2650,闺蜜,古镇 摄影 暑假
阳朔,#东南DX3夜猫行动#桂林阳朔，十年后我再次爱上你,4,2000,情侣,深度游 短途周末 穷游 古镇 摄影
恩施市,看腻了繁华的城市，觅一处宁静之美的它,6,2400,三五好友,深度游 自驾 夏季 暑假
稻城,亚丁—兴伊措—丹巴我赴你一场穿越时空的约会,6,2100,三五好友,自驾
泉州,泉州舌尖、闽南、听海、香火,3,1000,学生,美食 五一
乌兰布统草原,乌兰布统の秋色,1,1000,家庭,第一次 自驾 摄影 国庆
南京,四季流转日常即美本地文青带你走进南京的生活美学,5,2000,三五好友,深度游 漫游 古镇 购物 摄影 美食 人文
宁武,带着“麻麻”去旅行（山西芦芽山）,3,800,家庭,短途周末 夏季
重庆,山城重庆，从你的全世界路过,3,2000,闺蜜,摄影 美食 端午
石台,【石台.牯牛降】一场穿越千年的奇幻梦,7,2000,三五好友,深度游 环游 漫游 摄影 美食 探险 人文
布尔津,去新疆，去雪山、去湖泊、去草原、去深呼吸,12,1,家庭,穷游 夏季
丰都,鹿角解，蝉始鸣，冰爽南天湖周末亲子游！,2,300,亲子,短途周末 自驾 美食 人文 端午
广德,你喜欢的夏天的样子，广德统统都有（三天两夜广德消夏之旅）,3,2000,三五好友,第一次 深度游 短途周末 摄影 夏季
恩施,恋上世界硒都，感受醉美恩施,6,1500,三五好友,深度游 短途周末 自驾 摄影 美食 跨年 春节 踏春 清明 五一 端午 夏季 暑假 赏秋 中秋节 国庆 万圣节 圣诞 冬季 寒假
箱根町,【两天一夜箱根小旅行】许你一个清幽的湖光山色之梦,2,1500,三五好友,摄影 美食 暑假
贵阳,#东南DX3夜猫行动#清凉一夏，随性贵阳,3,800,三五好友,摄影 美食
泰山,天地有情尽白发，人间无意了沧桑——奉命泰山，探访素未蒙面的江湖,2,500,闺蜜,深度游 短途周末 徒步 漫游 摄影 夏季 暑假
新密,伏羲山丨站在山间的风里，过20°的清爽夏日,3,2000,三五好友,短途周末 摄影 暑假
攻略,国内外最适合一个人走走停停的9+8个理想旅行地，推荐给喜爱独自旅行的你！,3,2000,独自一人,第一次 深度游 穷游 漫游 毕业游 古镇 摄影 人文 海滨海岛 夏季 暑假 赏秋
张家口,浮生一梦，河北之北的古城对话,7,2000,三五好友,古镇 摄影 人文 夏季
锡林郭勒盟,这个自由飘逸上了头条成为网红的原始草原太葳蕤！太酸爽！,1,200,三五好友,深度游 自驾 摄影 温泉 夏季
楠溪江,依山而居，听风而动……,12,2500,家庭,自驾 端午
攻略,带你看无死角的大屿山，昂坪才是香港游的真正slay,1,1000,三五好友,深度游 短途周末 徒步 毕业游 摄影 美食 探险 人文 夏季 暑假
南京,#东南DX3夜猫行动#【亲子旅行】当金陵古城，遇上狂欢世界杯,2,100,亲子,短途周末 摄影 美食 暑假
成都,从成都-重庆，我一个人的佛系之旅。,8,1500,独自一人,美食 人文 深度游 穷游
东山,这只是一篇没有攻略意义的游记,4,1000,三五好友,第一次 夏季
巴蜀,巴蜀热四川辣,3,2000,家庭,短途周末 夏季
澳门,两天两夜暴走澳门，品400年中西文化，古朴与繁华，尽在一方海岛之上,3,2000,三五好友,夏季
贵阳,▎黔行记▎幽居茶山，奢享贵阳,1,1800,三五好友,深度游 短途周末 古镇 摄影 暑假
上海迪士尼度假区,上海迪士尼衣食住行、吃喝玩乐全攻略,2,2000,家庭,第一次 深度游 短途周末 自驾 徒步 漫游 毕业游 摄影 美食 蜜月 探险 人文 夏季 暑假
乌镇,【周末短途】带你去玩儿不一样的古镇——解锁乌镇西塘新玩儿法,2,800,情侣,深度游 短途周末 穷游 古镇 夏季 暑假
成都,成都，一座来了就不想走的城市！,3,1500,闺蜜,深度游 短途周末 古镇 购物 摄影 美食 人文 端午 夏季 暑假
北京,北京24小时，暴走帝都，惊喜与小确幸,3,1000,三五好友,漫游 购物 摄影 美食 人文 夏季
文昌,年味紫贝·2018我在文昌过春节,6,1000,家庭,自驾 美食 春节
攻略,【避暑】盘点国内十大最美古镇这个夏天逃离城市喧嚣来古镇放个假吧,2,1500,独自一人,短途周末 漫游 毕业游 古镇 摄影 人文 夏季 暑假
赤峰,沙漠+鲜花+沙岩+湿地+水鸟+芦苇画风凌乱的大自然混搭有木有？,1,700,三五好友,自驾 摄影 夏季
北京,沉醉在北京迷人的秋天,2,60,情侣,短途周末 赏秋
遂昌,遂昌，一个未开发的避暑县城，有着浙江和福建的山水精华，跟着我去揭秘吧,4,2000,三五好友,深度游 自驾 漫游 古镇 摄影 人文 夏季 暑假
北京,冬雪北京城，畅游五大坛,2,80,情侣,短途周末 人文 冬季
埃里温,1500RMB玩转亚美尼亚➕卡拉巴赫（附徒搭攻略）,19,1500,三五好友,深度游 穷游 徒步 漫游 摄影 探险
北海,2018春节小可一家北海美食自由行,6,2600,家庭,第一次 穷游 摄影 美食 春节
莫干山,「七月与安生」细数7月6个最佳旅行地玩出夏季最美的样子,2,2500,独自一人,第一次 深度游 短途周末 自驾 环游 漫游 毕业游 古镇 购物 摄影 美食 人文 海滨海岛 潜水 夏季 暑假
日照,阳光洒在沙滩上的浪漫，是我对日照的表白！日照游玩攻略,3,500,三五好友,第一次 深度游 短途周末 穷游 自驾 摄影 美食 蜜月 海滨海岛 春节 踏春 清明 五一 端午 夏季 暑假 赏秋 中秋节 国庆 寒假
布拉迪斯拉发,遇见东欧的春天，捷克与斯洛伐克漫游记（CK小镇+布拉迪斯拉发篇）,3,1000,情侣,第一次 游轮 摄影 人文 赏樱 五一
通辽,暴热沙漠中的天然空调：通辽大青沟联袂小青湖严重逆！生！长！,1,200,三五好友,自驾 摄影 美食 夏季
日照,【日照】日之所照，便是诗和远方,4,1800,家庭,深度游 短途周末 自驾 海滨海岛 清明 五一 端午 夏季 暑假 赏秋 中秋节 国庆
山海关,山海关两日行，感受城与海,2,600,家庭,短途周末 穷游 摄影 人文 海滨海岛 端午 夏季
鹰潭,江西有一座艺术小镇，在这里待一周都觉得不够@小卢澄子,2,900,三五好友,短途周末 漫游 摄影 美食 探险 人文
池州,西黄山藏着一块圣地，景色绮丽，值得一去再去,3,800,三五好友,深度游 短途周末 徒步 漫游 摄影 美食 跨年 春节 踏春 清明 五一 端午 夏季 暑假 赏秋 中秋节 国庆 圣诞 冬季 寒假
攻略,盘点中国十大海滨浴场夏天就是要去海边“浪”,1,1000,亲子,短途周末 自驾 徒步 漫游 摄影 海滨海岛 潜水 夏季 暑假
贵阳,端午假期轻松游贵阳-织金,4,1200,情侣,穷游 徒步 漫游 古镇 端午
葫芦岛,我们仨的〔东戴河〕不一样的极致乐趣，就是奢侈野趣！,3,450,亲子,短途周末 海滨海岛 五一 端午 夏季 暑假
杭州,【青鸟贝贝】杭州，清明雨霏，我在人从众的江南包场了,7,2000,独自一人,摄影 踏春
罗托鲁瓦,【避个暑】炎值这么高，哪儿凉快哪儿呆着去！,2,2800,三五好友,第一次 深度游 短途周末 穷游 自驾 环游 漫游 毕业游 古镇 购物 摄影 美食 探险 人文 海滨海岛 潜水 夏季 暑假 冬季
安吉,【诗画浙江】炎热避暑何处去？到浙江清凉一夏，如何？,2,700,三五好友,短途周末 自驾 夏季
日照,【日照游玩攻略】海上日出，曙光先照——日照自驾游,3,500,三五好友,第一次 深度游 短途周末 穷游 自驾 骑行 徒步 游轮 漫游 毕业游 古镇 购物 摄影 美食 探险 人文 海滨海岛 潜水 五一 端午 夏季 暑假
济南,三月青岛济南冰火两重天,6,2000,独自一人,第一次 穷游 冬季
哈尔滨,端午踏青，醉享哈尔滨,3,1500,情侣,第一次 美食 人文 端午
大连,我们的大连之旅,3,2860,情侣,深度游 短途周末 环游 漫游 摄影 美食 人文 海滨海岛 端午
攻略,#去旅行#未来30天里最值得去的旅行地，这里藏着绝色中国,5,2000,家庭,第一次 深度游 漫游 摄影 人文 夏季 暑假
阿坝,【盛夏出行】夏季七月中国最美的9大旅行地丨这个周末出发，刚刚好！,3,2000,三五好友,第一次 深度游 短途周末 穷游 徒步 毕业游 古镇 摄影 美食 探险 人文 海滨海岛 潜水 夏季 暑假
三亚,省钱大作战！盘点国内10个性价比最高旅行地内附全面旅行攻略,1,1500,独自一人,第一次 穷游 环游 漫游 毕业游 古镇 人文 海滨海岛 夏季 暑假
南京,一个人短途潇洒自由行,3,400,独自一人,短途周末 端午 摄影
平遥,跨越千年，只为与你相遇----平遥,1,1400,独自一人,古镇 夏季
天台,【诗画浙江】在天台，除了天台仙境之外，还有琼台仙谷,2,1500,三五好友,短途周末 摄影 美食 夏季
杭州,短途也能享受度假生活？——杭州千岛湖,3,1500,闺蜜,第一次 短途周末 骑行 摄影 五一
四季兰达吉拉瓦鲁岛,夏日就要玩水！四种玩水方式+四种玩水圣地攻略推荐！无惧烈日告别泳池就要玩！,1,800,亲子,深度游 短途周末 自驾 蜜月 海滨海岛 潜水 夏季 暑假
荔波,【夏日大作战】细数最佳避暑旅行地9大清凉耍法任你挑！,2,1800,三五好友,第一次 深度游 短途周末 穷游 自驾 毕业游 摄影 美食 探险 人文 海滨海岛 潜水 夏季 暑假
长沙,当世界杯遇上端午节，我决定长沙星城走一波,2,1000,三五好友,短途周末 自驾 美食 端午
张家界,张家界最详尽的攻略，路线、住宿、交通、美食一网打尽！！！,4,1500,独自一人,深度游 穷游 徒步 摄影 美食 探险 人文 夏季 暑假
海盐,浙夏度假：乌镇南，嘉兴南北湖--开着车爬山、望海、游湖,3,1000,家庭,深度游 自驾 探险 人文 端午 夏季 暑假
香港,鱼游香港城市、海、和我们的梦幻曲,3,2000,情侣,摄影 美食 夏季
衡山,五岳独秀——南岳衡山,3,400,独自一人,深度游 短途周末 穷游 徒步 摄影 人文 夏季
庐山,带你去庐山逛逛吧,3,850,三五好友,短途周末 踏春
西安,打卡西安：说走就走的周末美食之旅,2,1500,三五好友,第一次 短途周末 美食 五一
拉萨,8个最适合放松的旅游圣地，来一次说走就走的轻旅行！,3,2800,独自一人,第一次 深度游 短途周末 穷游 徒步 毕业游 古镇 购物 摄影 美食 人文 海滨海岛 潜水 夏季 暑假
西安,两人三天与西安的初次邂逅,3,1000,闺蜜,第一次 穷游 漫游 端午
黄山区,【超强干货&美图】一生痴绝处，无梦到徽州—屯溪&黎阳in巷、黄山、宏村四日游,4,2000,情侣,第一次 徒步 漫游 古镇 摄影 端午 夏季
长沙,长沙3暖炉之旅,3,2000,闺蜜,美食 第一次 端午
攻略,TheCityofSpicy--火爆之城,4,1000,独自一人,漫游 古镇 美食 人文
海南州,浪骑青海湖,4,1500,三五好友,骑行 夏季
成都,（成都本地人推荐玩法）九天开出一成都，带不走的只有你！（一）,2,500,独自一人,深度游 短途周末 美食 人文 端午
重庆,重庆！遇见情怀,4,1000,独自一人,第一次 深度游 穷游 徒步 古镇 人文 端午 夏季 暑假
贵阳,黄果树、荔波、西江苗寨、镇远六日自驾游,6,2800,三五好友,自驾 古镇 摄影 美食 人文 夏季
厦门,暑假去厦门怎么玩？这里的吃喝玩乐我已帮你搞定,5,2500,三五好友,深度游 暑假
大连,六月到大连去看海,5,2000,闺蜜,深度游 漫游
重庆,一人说走就走！盘点这个夏天最适合独自旅行的国内城市,3,1500,独自一人,深度游 短途周末 漫游 毕业游 古镇 摄影 美食 人文 夏季 暑假
韶关,田园采摘登高望远，邂逅初夏的一抹凉,2,2000,三五好友,短途周末 暑假
成都,双人记，三国游！告别二零一七，迎接二零一八，跨年之旅！,10,1800,闺蜜,深度游 美食 摄影 跨年
大阪,大阪6天5夜,6,7,家庭,购物
济南,2018齐鲁之行（泰山、济南两地）,4,1400,家庭,短途周末
康定,一生要游一次的溜溜城,5,1000,家庭,第一次 自驾 古镇 夏季
张家界,给你想要的张家界，你来或不来，我都等你,3,800,三五好友,穷游 自驾 毕业游 摄影 跨年 踏春 五一 夏季 暑假 国庆 冬季 寒假
泸沽湖,#夏天喔哟#盘点国内夏季最适合走起的地方，一年四季都要去旅行！,3,1500,三五好友,深度游 自驾 徒步 环游 毕业游 摄影 探险 端午 夏季 暑假
湘西,梦回湘西，跋山涉水探古城,4,1200,情侣,第一次 深度游 摄影 蜜月 人文
沙井红枫,山城重庆春之秘境印盒李花-重邮樱花-沙井红枫,3,300,情侣,自驾 漫游 摄影 赏樱 赏枫 踏春
香港,陪我到香港补过六一儿童节,3,2000,情侣,漫游 购物 摄影 夏季
吉隆坡,打卡马来西亚网红酒店--丽昇大红花海上别墅！,3,2888,三五好友,深度游 摄影 美食 海滨海岛 夏季
厦门,漫步云端，为幸福伫立,3,2000,家庭,穷游 购物 五一
桂林,一直想要去的山水桂林,9,1500,独自一人,深度游 穷游 骑行 徒步 古镇 摄影 夏季
江门,亲近自然、尽享园林秀色，在恩平度过一个惬意的周末,2,500,三五好友,短途周末 自驾 漫游 摄影 美食 温泉 夏季
新会,看百鸟齐飞，品千金陈皮，住西欧宫殿，在新会做一天精致猪猪女孩,2,1000,闺蜜,深度游 短途周末 自驾 购物 摄影 美食 探险 人文 端午 夏季 暑假
日照,一路向东，陪家人去日照看海（附渔家赶海经验视频攻略）,3,800,家庭,第一次 深度游 短途周末 自驾 古镇 摄影 美食 五一 端午 夏季 暑假
江门,寻找故乡味，走再远的远方也别忘了家乡的路,2,500,三五好友,短途周末 自驾 徒步 人文 夏季 暑假
苏梅岛,微笑之国“泰”美时光：享受夏季的浪漫，飞去热带的岛屿游泳,4,2000,闺蜜,短途周末 夏季
厦门,五月带着你去厦门,4,2000,情侣,美食 海滨海岛 骑行 第一次 漫游 夏季
日照,日照，冷色调的风景，慢步调的风情,3,600,三五好友,第一次 短途周末 穷游 自驾 购物 摄影 美食 端午 夏季 暑假
阳江,清凉一夏，感受广东最美最透澈的那片海,3,520,家庭,穷游 美食 端午 夏季
昆明,红河昆明发呆游,4,1600,独自一人,第一次 穷游 古镇 国庆
江南,塞上江南好风光（超长含手绘）,6,1000,三五好友,深度游 端午 夏季
阳江,阳江碧桂园清凉夏日亲水之旅,2,600,家庭,自驾 夏季
张家界,你想要的张家界攻略这里都有——畅游张家界,3,800,三五好友,第一次 深度游 自驾 人文
武安,【雄奇东太行】穿万仞绝壁，上九天揽月,2,700,三五好友,短途周末 自驾 探险 端午 夏季
日照,【日照游记】山东日照三日游，日出初照之地，我去看海了,3,1000,情侣,自驾 美食 五一
成都,天府之国成都舌尖上的美食,5,2500,情侣,美食 摄影
密云,京郊密云撒欢圣地，欢乐松鼠谷，孩子的天堂,2,500,亲子,短途周末 夏季
攻略,大盘点6月国内最适合去的7个旅行地我最想去第2个你呢？,2,1200,独自一人,第一次 深度游 短途周末 穷游 自驾 毕业游 古镇 摄影 探险 人文 端午 夏季 暑假
黄山区,背着帐篷游黄山、宏村,7,1000,三五好友,深度游 穷游 徒步 摄影 赏秋
大连,大连3日游,3,1500,亲子,漫游
武陵源,寻梦张家界，遇见凤凰城,5,1500,独自一人,古镇 穷游
重庆,山城重庆春之秘境大盛樱花-南山植物园-彩云湖,3,300,情侣,自驾 摄影 赏樱 踏春
泉州,泉州游记,3,900,独自一人,第一次 短途周末 穷游 冬季
洛阳,牡丹花开游洛阳龙门烟雨少林寺马寺钟声丽景夜,4,800,家庭,第一次 深度游 短途周末 穷游 自驾 漫游 古镇 摄影 美食 人文 清明
苏州,【苏州.树山】一段小清新的洗肺之旅,2,1000,三五好友,短途周末 漫游 摄影 美食 人文 踏春 五一
西安,千年古都西安舌尖上的美食,3,2000,情侣,美食 摄影 人文
桂林,青葱记忆染指悲凉,6,2500,独自一人,漫游
北京,盘点北京最值得去的艺术展览馆,1,100,三五好友,短途周末 穷游 自驾 摄影 人文 婚纱 踏春 清明 五一 端午 夏季 暑假 赏秋 中秋节 国庆 冬季 寒假
张家界,一篇【张家界自由行全攻略】告诉你，一年四季分别最适合去张家界哪里＿＿？,3,2000,家庭,自驾 环游 美食 夏季
张家港,【张家港】借我一条采香经，寻访诗歌里的城,3,1500,三五好友,深度游 短途周末 穷游 自驾 漫游 摄影 美食 人文 踏春
常州,【东方盐湖城】梦回茅山，宛入桃源,2,2000,亲子,深度游 短途周末 漫游 古镇 美食 人文 踏春 清明
无锡,无锡不算旅行的5日游（带你逛无锡的各家书店）,5,1100,独自一人,美食 穷游
上海,横沙岛&电影博物馆&田子坊1日游,1,100,独自一人,海滨海岛 徒步 摄影 短途周末 人文
上海,5.18带你走近中国航海博物馆,1,100,独自一人,摄影 徒步 人文 夏季
张家界,张家界自由行旅游攻略,3,800,三五好友,深度游 自驾 漫游 摄影 人文 五一
清迈,60小时打卡清迈.<没毛病,4,1800,闺蜜,美食 古镇 骑行 短途周末 人文 穷游
夹江,先去吃口甜皮鸭，再去看看千佛岩,1,70,家庭,自驾 夏季
湟中,青海等风等你来,3,1500,闺蜜,第一次 穷游 毕业游 购物 摄影 美食 人文 五一
济南,济南两日游加一天爬泰山,3,500,独自一人,穷游 骑行
文昌,看风景游沙滩吃美食探古村，海南东半岛度假浅度自驾游,5,2000,三五好友,美食 海滨海岛 自驾 摄影 穷游
开封,横看河南泼墨山水，纵览中原古今风情,12,2500,独自一人,毕业游 夏季
南通,【南通】你是我的诗篇，读你千遍也不厌倦,3,1500,三五好友,第一次 深度游 短途周末 自驾 毕业游 古镇 美食 人文 踏春
共和,跟我走！带你畅玩最美海泉湾！,2,370,家庭,深度游 穷游 自驾
张家界,去张家界旅游玩几天？必玩景点及行程安排推荐！,3,760,三五好友,短途周末 漫游 毕业游 端午 夏季 暑假 赏秋 中秋节 国庆 万圣节
上海,#干货#无人机的世界，你绝对看不到的上帝视角,1,1000,学生,毕业游 摄影 端午 暑假
苍南,#东南DX3夜猫行动#见山是山，见海是海，山海之约若有时，我在苍南等着你,3,1500,三五好友,深度游 自驾 摄影 美食
北京,芬芳五月，陪伴父母游北京!,5,2500,家庭,漫游
曲阜,登五岳之首，游圣人故里,2,1700,三五好友,漫游
上海,初夏·初见上海,3,2800,三五好友,漫游 摄影 人文 夏季
乐山,放下凡心说走就走——峨眉山乐山暴走一天半,2,700,独自一人,第一次 短途周末 古镇 踏春 夏季
珠海,『周末游』-深圳&珠海横琴长隆海洋王国超详细攻略,3,1800,情侣,深度游 短途周末 自驾 摄影 美食 五一 夏季
重庆,感受西南魅力——成都、重庆四日游,4,2400,独自一人,摄影 夏季
苍南,我曾经跨过山和大海，却尤恋这一片苍南,3,2000,三五好友,短途周末 自驾 古镇 摄影 美食 人文 海滨海岛
崇明,上海崇明2日游,2,200,独自一人,摄影 徒步 夏季
长沙,湖南五一小月半→翻山越岭来看你,12,1300,闺蜜,摄影 穷游 五一 第一次
温州,5天4晚自驾传奇温州--“海陆空”发现神奇另一面,5,2500,三五好友,深度游 短途周末 自驾 古镇 摄影 人文 海滨海岛 夏季
上海,上海海湾国家森林公园1日游,1,100,独自一人,短途周末 摄影 徒步 人文
拉萨,小姑娘拉萨流浪记,4,2000,独自一人,美食 第一次 穷游
多哈,『卡塔尔』探秘中东的神秘土豪国度40℃高温下的多哈一日游,1,1000,独自一人,短途周末 徒步 摄影 人文
黄山,黄山美如画（黄山攻略）,4,1200,情侣,第一次 摄影 五一
恩施,说走就走的旅行~闺蜜游~恩施站,5,1500,闺蜜,穷游 自驾 徒步 漫游 摄影 踏春 五一 端午
西安,2018年5月游西安,3,1300,家庭,第一次 短途周末 摄影 夏季
扬州,美食美景在扬州——五一自驾游,3,1400,三五好友,短途周末 自驾 五一
武隆,踏歌和鸣找稻幸福武隆天坑寨子近距离感受民族文化,1,120,家庭,深度游 自驾 人文 五一
武汉,暴走武汉，吃货的打卡之旅,3,1200,独自一人,第一次 穷游 美食
青岛,青岛玩海之旅--带着宝宝去旅行,3,1000,亲子,漫游 摄影 海滨海岛 五一 夏季 暑假
厦门,厦门，深度逛游的文化体验（附：去鼓浪屿如何乘船？）,5,2500,独自一人,摄影 美食 海滨海岛
阳朔,请君入画之——桂林山水记,6,2400,情侣,漫游 古镇 美食 五一
上海,走进百年愚园路,1,50,独自一人,骑行 短途周末 摄影 徒步 人文 夏季
泰国,浪漫泰国、人妖成群，我被差点被非礼了,6,2000,情侣,五一
香港,香港徒步天堂——麦理浩径玩乐航拍一二段,2,738,三五好友,短途周末 穷游 徒步 摄影 海滨海岛 五一
武陵源,风景如画的湖南8日游,8,1500,独自一人,穷游
泸沽湖,面朝大海，春暖花开-泸沽湖,5,2500,家庭,美食 自驾 骑行
长沙,长沙走透透，用两天年假拼起的吃香喝辣旅程,4,2500,情侣,踏春
日照,郊游新去处，两天一夜五莲山水行,2,1000,三五好友,短途周末 五一
北海,面朝大海春暖花开の北海、涠洲岛三天游,3,1000,闺蜜,短途周末
丽江,一个在丽江生活三年的人给你的一点旅行建议,4,2000,三五好友,美食 古镇 摄影 夏季
德钦,期待已久的流浪记……雨崩徒步,6,140,独自一人,穷游
重庆,“山城探吃”之重庆四日超详细自由行（内含大量实用信息）,4,1800,三五好友,深度游 穷游 自驾 徒步 游轮 环游 古镇 购物 美食 跨年 春节 冬季 寒假
纽约,两大一小美国十年签B1/B2填表和面签实录（详细攻略）,1,1080,家庭,第一次
西安,用手机记录西安的行程,6,1200,独自一人,第一次 穷游 五一
迪士尼,大琳小晴的HkDisney疯狂之旅,4,2000,亲子,深度游 短途周末 自驾 摄影 春节
亳州,安徽亳州5天4夜，带你看4000多年的文化故事,5,2500,三五好友,漫游 古镇 人文 五一
香港,打卡网红屋邨，解锁香港海陆空玩法,2,1000,三五好友,短途周末 穷游 毕业游 购物 摄影 踏春 清明 五一 端午 暑假
西安,回大唐梦游网红城市,5,1300,闺蜜,美食 古镇 摄影 徒步 探险 人文 第一次 穷游 五一
通辽,小众城市—通辽两日自由行,2,450,家庭,第一次 深度游 短途周末 摄影 人文 踏春
攻略,回忆乡愁，灵山秀水，诗意丫山，养心度假天堂,3,2000,家庭,第一次 短途周末 漫游 美食 踏春
圣亚海洋世界,在圣亚海洋世界青春记忆里体验童年乐趣,3,300,家庭,踏春
涠洲岛,拥抱夕阳一一行摄北海涠洲岛,4,2000,家庭,自驾 摄影 海滨海岛
蒙山,漫步云端，回首却是沂蒙山,3,500,家庭,短途周末 自驾
日照,再次约会日照，从初识到挚友（三次日照游的经验告诉你）,3,300,三五好友,深度游 自驾 美食 五一 端午
峨眉山,四度上峨眉看四川人如何带你玩转峨眉山,4,2000,情侣,短途周末 徒步 摄影 美食 人文 温泉 踏春
大理,一路向西昆明、大理及丽江五日游——Echo宋的游记,5,2300,独自一人,古镇 短途周末 徒步 人文 穷游 五一
杭州,五月，你好！五月天，你好！杭州，你好！,3,500,闺蜜,美食 徒步 穷游 五一
吴江,#东南DX3夜猫行动#慢游吴江——桑果飘香岁月暖，圆一场关于枕水江南的梦,3,1000,三五好友,深度游 短途周末 漫游 古镇 摄影 人文 五一
西安,铁丁家西安探亲游学6日游,6,1000,家庭,人文
银川,贺兰山缺，塞上江南，一个和西夏王朝有关的地方,3,2000,独自一人,摄影 探险 人文 踏春
合肥,黄山、宏村、合肥，贴心攻略送给你,7,2000,三五好友,深度游 徒步 古镇 五一
大余,回归老家，亲近自然，乡约大余丫山（两天一夜自由行攻略）,2,100,三五好友,深度游 短途周末 五一
西昌,五一西昌亲子自由行，不只是路过！,3,1000,亲子,穷游 海滨海岛 五一
嵊泗,嵊泗枸杞岛，美的刚刚好……,3,1200,三五好友,美食 海滨海岛 骑行 游轮 短途周末 摄影
梅州,重回客都，挖掘记忆深处的味道（梅州最地道的美食攻略，吃货中的葵花宝典）,5,1000,闺蜜,深度游 徒步 摄影 美食 人文
银川,梦入西北——银川、中卫、西宁、兰州,12,2800,学生,穷游 摄影
沙县,三明沙县永安两天一晚小吃行,2,300,情侣,短途周末 五一
大同,那个脑海中不一样的大同,4,2000,独自一人,第一次 五一
横店,横店亲子游之坐着热气球穿越回故宫,3,1000,亲子,短途周末
横店,戏精Girl大横国穿越多时空，横店这么玩才带劲！,2,1200,三五好友,深度游 五一
香港,香港大屿山一日游——海陆空全方位一体的旅游,1,700,独自一人,短途周末 游轮 环游 五一
黄山,春日黄山2日游,2,1000,三五好友,徒步 探险 五一
南京,带上爸妈下江南,9,2200,家庭,第一次 漫游 赏樱 踏春
博尔贾,浅受日光寻找贝加尔湖在南西坡利亚浅受超长日光,1,1000,三五好友,端午 夏季
香港,祖孙三代同游，12刷香港，你到底有多好玩,2,1000,家庭,短途周末 摄影 美食 人文 春节
涠洲岛,阳朔-涠洲岛山海与你，我都爱❤,6,2300,闺蜜,海滨海岛 古镇
成都,西成高铁一路逛吃独家美食全攻略！三天两夜成都玩乐指南请收好！,3,500,三五好友,短途周末 清明
广州,暴走广州四日游--两人--三月三,4,2300,家庭,第一次
重庆,两年前说过要来的3D重庆,5,2000,闺蜜,美食 古镇 摄影
杭州,不负暖阳好时光，带着小宝去杭州，春日游园会,4,1800,家庭,短途周末 摄影
阳朔,慢悠悠的阳朔四日游,5,2500,亲子,第一次 踏春
横店,自驾游横店，老司机来告诉你到底该怎么玩,3,1000,三五好友,第一次 摄影 人文 五一
重庆,一个适合用脚步丈量的城市——重庆,6,2500,三五好友,美食 人文 踏春
西宁,天堂之境在西北——青海大环线指南（西宁市区，塔尔寺，青海湖环线，祁连山）,5,2500,情侣,骑行 毕业游 摄影 徒步 探险 人文
广州,广州探店吃吃吃别客气，记录吃过的地方，再也不怕朋友来了,1,150,三五好友,摄影 美食 国庆
广州,长隆动物世界2日游,2,2500,亲子,短途周末
合肥,合肥万达乐园武林美食大荟一日浪游记,1,200,三五好友,短途周末 自驾 美食 踏春
努瓦勒埃利耶,斯里兰卡——铁轨与茶山，海岸与风,14,1600,闺蜜,摄影 人文 海滨海岛 跨年 圣诞
池州,【徽韵皖南】大美牯牛降，中国的东九寨，世界的西黄山,3,1200,三五好友,第一次 短途周末 古镇 摄影 美食 踏春
黄山区,黄山宏村三日游（2018雾雨凌黄山，季春宿宏村）,4,1500,家庭,漫游 踏春
深圳,毕业旅行第一弹之自high珠江三角洲地区,6,2600,独自一人,毕业游
池州,【冬游·九华】看银装素裹，听梵音诵经,3,1500,三五好友,短途周末 摄影 人文 冬季
荔波,醉美贵州,3,750,闺蜜,短途周末 踏春
东极岛,不见蓝海冬季东极——舟山东极岛游记2017.2.5-2.7,3,500,亲子,摄影 海滨海岛 冬季
贡嘎,王者之峰—领略木雅圣地环贡嘎,3,1400,三五好友,深度游 自驾 摄影 探险 人文 夏季
南浔,【南浔】如果我要去流浪，带的行李只有你,3,1000,情侣,漫游 古镇 摄影 蜜月 国庆
瓦莱塔,马耳他？地中海的明珠！《权利的游戏》取景地之一，拥有世界上最美的海景~~,5,2000,学生,深度游 毕业游 摄影 蜜月 五一 夏季
仙本那,我要让身体和灵魂都在路上——马来西亚仙本那、马达京岛、邦邦岛、马步岛十二日游,12,1500,家庭,美食 海滨海岛 古镇 游轮 漫游 穷游 潜水
卡塔尼亚,意大利还能穷游？卡塔尼亚，一个面朝大海背靠火山的城市，物价低，超适合生活！,2,1000,情侣,穷游 毕业游 摄影 五一 暑假
重庆,爱上重庆，一座3000岁的网红城市！,4,800,三五好友,深度游 摄影 人文 踏春
南昌,婺源～宏村～黄山暴走三天的旅程,3,2500,家庭,清明
绍兴,【醉于，绍兴】一碗绍兴酒，一场水城梦（绍兴三日周末游）,3,800,独自一人,深度游 短途周末 古镇 摄影 美食 人文 踏春 清明
嵊泗,【世说西语】枸杞山海经：陌上花开，可缓缓归矣枸杞岛,3,1600,三五好友,摄影 海滨海岛
汕头,我想要带你去好吃的大潮汕！,3,1000,三五好友,短途周末 骑行 摄影 美食
奥斯陆,奥斯陆|上榜《孤独星球》2018最佳旅行目的地！快来这里等待你的一见钟情？,3,1000,情侣,毕业游 摄影 蜜月 五一 夏季 暑假
华欣,华欣？来自泰国的小众城市，泰国王室的度假胜地！美过清迈，还极少看见国人！！,5,1500,学生,穷游 毕业游 摄影 美食 蜜月 海滨海岛 夏季
青岛,嫌假期太短，无处可玩？青岛3天2晚，给你一千元的小众慢生活！（行程费用揭秘）,1,1000,学生,短途周末 穷游 摄影 美食 海滨海岛 五一
和歌山市,津轻铁道+动漫风？日本最具特色的电车铁道！铁道迷们，还不来迅速打卡拍美照呀！,1,500,学生,穷游 摄影 探险 夏季 暑假
武陵源,张家界两日游，欣赏江山如画的世外美景,2,2000,三五好友,短途周末 徒步 摄影 人文 踏春
泸沽湖,渴望已久的流浪记……泸沽湖,6,150,独自一人,古镇 徒步 人文
林芝,自驾丙察察线——再也不想来第二次的精彩体验,5,2000,家庭,深度游 自驾 摄影 探险 人文 赏秋
荥经,去寻找那些一生只做一件事的匠，荥经短途吃喝之行,2,300,三五好友,第一次 深度游 短途周末 徒步 古镇 摄影 美食 踏春
重庆,寻找“山城”重庆的神秘,3,2500,闺蜜,徒步 毕业游 美食 夏季
上海,读.享一日好时光,1,100,独自一人,短途周末 摄影 徒步 人文 骑行
成都,中国凉都—六盘水；吃货天堂—成都,6,2600,三五好友,美食 穷游
西安,下了雪，西安便成了长安，一个周末的时间，吃遍西安小吃，吃不胖三斤算我们输！,3,2800,闺蜜,第一次 短途周末 摄影 美食 人文 冬季
厦门,不负春光，不负年华，重新出发,4,2000,三五好友,第一次
大理,两位油腻男的艳遇之旅11天、2000km、洱海三圈、泸沽湖、雪山,11,2000,三五好友,深度游 自驾 摄影 踏春
东京,如何玩转日本的四大游乐园？！终极攻略来袭！,5,1000,学生,深度游 探险 冬季
婺源,夏宁葆在江西篁岭看油菜花。,3,368,家庭,古镇 摄影 人文 踏春
攻略,抖音这么火的地方！你不知道？那些点赞率超高的绝美地，我们帮你找到了！,3,1000,学生,穷游 毕业游 摄影 美食 夏季
黄山,夏宁葆在安徽徽州地区春游之一。,1,368,家庭,古镇 人文 清明
丽江,云南9天毕业游，好好告别学生时代，放肆玩人均不到2k噢,9,2000,三五好友,毕业游 赏秋
庐山,和外婆一起的九江庐山深度游,7,1500,家庭,深度游 暑假
扬州,#weekender旅行箱体验#春风十里扬州路，烟花三月下江南,2,2500,情侣,深度游 短途周末 人文 踏春 清明
北京,毕业最后一餐|那些爆火的网红大学食堂，伴着食堂的菜香味，告别青春！（北京篇）,1,200,学生,深度游 毕业游 美食 夏季
西安,一人独行，十月长安,3,1093,独自一人,美食 摄影
婺源,醉美婺源，油菜花的诗情画意,4,1500,家庭,短途周末 踏春
敦煌,《孤独星球》评选亚洲最佳旅游地！甘肃竟成亚洲行终极目的地！绝美景色新鲜出炉~,5,2000,三五好友,深度游 自驾 摄影 五一
南昌,恋山恋水恋梅岭，邂逅春色与佳人,2,1200,三五好友,短途周末 自驾 摄影 美食 人文 踏春 清明
上海,共青国家森林公园：用美景纪念青春,1,100,独自一人,徒步 摄影 人文 短途周末
北京,带着老爸游北京,7,2500,家庭,人文
第一天坑,#亚洲“第一天坑”盛装出境#亚洲还有哪些潜在秘境？最后一个居然在中国？,10,2500,三五好友,穷游 摄影 探险 五一 暑假
尼亚加拉瀑布城,从美国史书到玉瀑宝珠-（波士顿攻略+尼亚加拉瀑布跟团）,6,1600,闺蜜,深度游 短途周末 徒步 环游 踏春
泽西岛,自驾神秘泽西岛探寻富豪度假天堂～,2,2888,独自一人,深度游 自驾 古镇 圣诞 冬季
二连浩特,骑行二连——那是一段关于青春的记忆,7,350,三五好友,骑行 赏秋 国庆
滁州,四月滁州，寄情山水，时空交错中与太守同游,2,2000,三五好友,短途周末 漫游 踏春
黄姚古镇,广西——看山，看水，逛古镇,6,1500,闺蜜,第一次 骑行 古镇 摄影 踏春
上海,确认过眼神~~遇见这座城,1,100,独自一人,徒步 摄影 人文 短途周末
汕头,原本来汕头，仅因为对一碗白粥的执念，却深入体验了一把当地人的生活,5,2000,独自一人,第一次 深度游 摄影 美食 人文 春节 寒假
丽江,【云南】在春风荡漾的日子里，带你拍摄丽江、泸沽湖、洱海那些美哭了的地点,10,2900,三五好友,自驾 古镇 摄影 春节
厦门,带上摄影师，五天五夜厦门行~,5,2500,闺蜜,徒步 摄影
西安,送你史上最全的西安攻略！这个五一，我们领包就走，去长安城下感受历史轮回？,1,1500,学生,漫游 摄影 五一
攻略,#夏季去哪儿玩？#南北方最美避暑地盘点！这些才是最凉爽的天然空调！,1,300,学生,深度游 穷游 摄影 夏季
杭州,诗意杭州，梦里天堂,5,1500,闺蜜,深度游 骑行 漫游 摄影 美食 探险 人文
香港,最经济的HongKong三日游☺️学生党看过来~,3,2000,家庭,摄影 人文 美食
赣州,你犹在我心上，一茶一车一鱼一石一画，念念不忘！,3,900,三五好友,深度游 短途周末 人文 踏春 清明
池州,九华楼台烟雨中，山寺桃花始盛开——清明节游九华山,2,1600,三五好友,第一次 清明
武汉,总该去一次武汉，与春天来一场温柔又文艺的约会。,4,2500,独自一人,漫游 摄影 美食 人文 清明
张家界,我的2016#踏上年末最后一个3天2夜张家界玻璃桥之旅,3,2000,三五好友,摄影 探险 人文 冬季 寒假
庐山,东林西上，咬定庐山不放松,3,668,独自一人,第一次 人文 冬季 寒假
重庆,#毕业分手季#重庆12个治愈系小众古镇，回忆青葱岁月，忘不掉的只有你！,7,1000,独自一人,穷游 漫游 摄影 美食 夏季 暑假
苏州,自驾去“东方威尼斯”：夜宿同里古镇，春游太湖如家小镇,3,800,情侣,短途周末 自驾 古镇 清明 五一
厦门,厦门，那些很冒险的梦！,3,900,闺蜜,穷游 骑行 摄影 美食 海滨海岛
广州,【逛吃のDEMO】访新探古的时光，广州四日还不够,4,1500,独自一人,深度游 摄影 美食 人文 冬季
桂林,桂林三日游，携子之手与子偕老,3,2000,情侣,短途周末
武陵源,我与张家界的不解情缘，一次美丽的邂逅，张家界我真的在想去一次。,4,1600,闺蜜,第一次 暑假
顺德,寻味顺德,7,1000,家庭,自驾
厦门,假如只有三天时间我会带你这样游厦门,3,2600,独自一人,短途周末 穷游 购物 美食 蜜月 人文 赏樱
广州,广州金沙洲，用一日还你千年历史,1,10,独自一人,短途周末 徒步 人文 踏春 清明
武陵源,广州出发张家界凤凰古城四日包车全景游,4,2800,三五好友,第一次 深度游 穷游 自驾 漫游 毕业游 古镇 摄影 美食 人文 清明
北京,带上父母去北京,4,2500,家庭,清明
重庆,暴走重庆,5,2500,独自一人,穷游 徒步 漫游 人文 清明
凤凰,我来听你的演唱会,5,2000,闺蜜,古镇 冬季
甲米,想去海岛？我在甲米等你,3,1000,三五好友,环游 摄影 美食 探险 海滨海岛 潜水 清明
无锡,一朝繁花似錦，雨來落英繽紛，且聽吳儂軟語，最是煙雨江南,2,864,独自一人,短途周末 漫游 古镇 赏樱 清明
攻略,不写游记的不是好Traveler,5,1200,学生,穷游 国庆
黟县,#东南DX3夜猫行动#春“黟”盎然，醉在徽韵春色，漾在花海桑田,3,1500,三五好友,骑行 古镇 人文 踏春
济南,泉白如玉，湖畔风光，干佛洞崖，记泉城三大精华景点之旅,2,1500,三五好友,短途周末 摄影 人文 穷游
厦门,这一座海上的城，春天飘着楹花香,5,1500,家庭,深度游 踏春
青岛,青岛3日游,2,1000,学生,美食 短途周末 摄影 徒步 人文
伊犁,听风，看雨，随心而走。。。新疆~伊犁篇,6,1000,独自一人,第一次 穷游 夏季
酉阳,去酉阳探寻梦中的桃花源，品味龚滩千年古镇，船游乌江百里画廊,2,500,闺蜜,自驾 摄影 踏春
大连,爱你带你走遍全世界，文艺范儿的大连之旅,3,900,亲子,徒步
海口,三月椰城椰青香,5,1800,三五好友,海滨海岛 踏春
重庆,重庆丨勒是雾都，是山城，是一座文艺而魔幻的江湖城市,3,850,情侣,深度游 短途周末 穷游 古镇 摄影 美食 人文 赏樱 踏春
六安,九十里山水画廊，今生定要与你相约，把美好都留给你！,3,1500,三五好友,深度游 短途周末 自驾 古镇 摄影 美食 人文 踏春
重庆,到千年古城酉州访古问今，寻觅陶渊明笔下的世外桃源,3,2600,三五好友,第一次 短途周末 徒步 漫游 古镇 摄影 人文 踏春 清明
重庆,【重庆之色】一次快门致岁月，一顿火锅敬自己,4,2000,情侣,徒步 漫游 摄影 美食 人文 踏春
南京,南京5日游,5,2700,闺蜜,美食 骑行 徒步
成都,闲适蓉城迷失山城,5,2500,独自一人,深度游 端午
歙县,#春天去哪儿玩#只知道西递宏村？皖南私藏15个小众旅游地，风景美爆！游人超少！,2,200,家庭,短途周末 自驾 古镇 人文 踏春 清明 五一 端午 夏季 暑假
曼谷,四大天王征战泰王国,10,2800,学生,第一次 穷游 毕业游 购物 海滨海岛 潜水 五一
蔚县,佛系文艺蛙的古城巡游记河北三日游之蔚州古城暖泉古镇,3,1000,家庭,环游 人文 踏春 清明
贾夫纳,跟随夏宁葆去内战25年的贾夫纳半岛,3,100,三五好友,人文 海滨海岛 冬季
西昌,浮生二日，勇闯荒野。泸沽四日，悠闲带娃。牵着小手看尽四川最美时节,8,1200,三五好友,自驾 徒步 摄影 探险 赏秋
琅勃拉邦,那个被上帝偏爱的地方，现在一切安好。——彩云之南,15,2600,独自一人,穷游 漫游 摄影 春节
攻略,#毕业旅行季#花样毕业旅行？一次全部满足你！超适合学生党的国内小众旅游地推荐！,5,1000,学生,穷游 毕业游 美食 探险 清明 五一 端午 夏季 暑假
济南,济南✞已没有少年在垂头哭泣,3,700,三五好友,人文 冬季
南京,看秦准两岸风光，品十朝都会文化,4,1500,闺蜜,购物 美食 徒步 人文 深度游 穷游 冬季 春节
武汉,花瓣飞舞の时--武汉三天赏樱の旅,3,1500,家庭,第一次 短途周末 赏樱 踏春
婺源,最美乡村之花季婺源,2,500,家庭,自驾 古镇 摄影 清明
西安,带着爸妈去旅行历史盲的西安印象（超多美食）,4,2600,家庭,人文 冬季
贵阳,这里是中国最低调的秘境，却藏着让世人惊艳的绝美风景，还有春日最壮观的花海盛宴！,5,1000,三五好友,深度游 穷游 古镇 摄影 踏春 清明 五一 端午 夏季 暑假
武汉,武汉小众地图，周末吃喝玩乐路线推荐丨文末有美食测评,2,2000,情侣,深度游 短途周末 漫游 美食 人文 国庆
婺源,婺源我来了,1,1200,闺蜜,第一次 摄影 踏春
杭州,春节杭州、苏州、上海、厦门疯狂自驾之旅,8,2500,家庭,自驾
琅勃拉邦,我和滚滚的东南亚四国游：老挝篇,10,1200,独自一人,骑行 赏秋
西双版纳,异域风情中沉醉，在那山那水中痴迷,4,2999,三五好友,美食 短途周末
北京,穿梭在老北京,5,2500,家庭,第一次 深度游 古镇 美食 人文 清明
上海,春天，我在宝山等你,1,100,独自一人,徒步 摄影 短途周末
西安,巧得三日空闲，游玩十三朝古都。,3,1500,闺蜜,美食 骑行 毕业游
中山,中山，遇见风情万种的你,3,1000,三五好友,春节 踏春
华南,#华南自驾篇#5条自驾线路，带你玩遍整个华南！绝美风景陪你一路畅行！,5,1000,情侣,深度游 自驾 摄影 美食 夏季
芽庄,我和滚滚的东南亚四国游：越南完结篇,25,2600,独自一人,第一次 深度游 骑行 海滨海岛 跨年
长沙,『湖南长沙』——舌尖上的湘东之旅,3,1000,三五好友,短途周末 漫游 摄影 美食 端午
武汉,武汉，相约在三月。,2,500,独自一人,摄影
金门,“金”厚加我和呆霖在金门的三天,3,1500,情侣,漫游 人文 冬季
攻略,仅有极少人知道的秘境之地！这20个地方让世界惊奇，中国竟有3个上榜！,5,2000,三五好友,深度游 自驾 摄影 探险 夏季
台州,越野E族台州分队，豪情万丈穿越浙西川藏线,2,500,三五好友,自驾 踏春
南京,醉江南*寻找历史的印记·扬州-南京-上海6日游,1,2000,三五好友,徒步 漫游 摄影 美食 国庆
杭州,十年杭州。一份特别不完全的小众杭城印记,5,4,三五好友,深度游 踏春
攻略,#毕业穷游季#比国内游还便宜的5个国家，花最少的钱？满足你最奢华的旅行！,5,1000,学生,穷游 毕业游 摄影 美食 夏季
阿坝,2018四川最美自驾线路集锦！一场自驾，风驰电掣伴着美景如画！你心动了吗？,4,1000,三五好友,深度游 自驾 摄影 探险 夏季
南疆,带着大疆游大新疆（南疆篇）,5,2000,三五好友,自驾 摄影 夏季
太宰府市,蓝宝石公主号邮轮之旅,5,2699,三五好友,游轮 夏季
松原,这条铁路被称为“草原湿地动车”经过的个个都是美景！（内含站点美食和特色美景）,2,200,三五好友,短途周末 穷游 摄影 夏季
汉中,汉中赏花轻松两日游（一）,2,600,情侣,短途周末
余姚,山水相依，醉是那一抹温柔,3,2000,三五好友,摄影 人文 夏季
南昌,#南昌美食篇#南昌竟有这么多老字号餐馆！8090后快来看！哪些是陪你长大的？,2,200,学生,深度游 穷游 美食 暑假
婺源,清明三天去哪儿玩？江西又现8个冷门古镇！带上老人孩子，在江南烟雨中赏花漫步~~,3,500,亲子,漫游 古镇 摄影 美食 清明
西宁,独自前行，邂逅西北,6,2800,独自一人,第一次 漫游 毕业游 古镇 摄影 美食 人文 踏春 寒假
梅里雪山,彩云之南----一个人的秘境,8,1000,独自一人,第一次 深度游 穷游 徒步 古镇 摄影 美食 探险 春节
天津,国际幸福日，你幸福吗？国内十大最具幸福感的城市，难道是因为这些美食~~,1,1000,情侣,短途周末 美食 端午 夏季
黄山,一生痴绝处，无梦到徽州。,3,1000,情侣,穷游 徒步 古镇 摄影 暑假
福州,于有福之州，探人生之道,2,1000,独自一人,徒步 摄影 人文 春节
西安,【西行漫记】沧桑千年情未了，回首身却在长安,3,1500,家庭,漫游 人文 春节
黄山,四个美少女的黄山梦,6,2300,三五好友,美食 人文
泸沽湖,泸沽湖—不期而遇的一场梦（最美的季节～冬）,3,1000,三五好友,人文 冬季
武陵源,穷游：（凤凰古城+张家界国家森林公园)×2人×5天=1600元,5,800,情侣,穷游 踏春
重庆,二狗和二狗媳妇的重庆~成都吃喝6日,6,2900,家庭,美食 踏春
上海,上海古镇老街游,1,100,独自一人,古镇 徒步 摄影 人文
拉萨,冬游西藏行摄之旅,7,2650,三五好友,第一次 穷游 摄影 冬季 寒假
上海,上海老街走一走,1,100,独自一人,古镇 徒步 人文
大同,山西以北，大有不同,2,800,独自一人,第一次 短途周末 徒步 人文
果洛,青海一个你未曾听闻的秘境,3,780,三五好友,摄影 美食 探险 暑假
奥克兰,一人一车穿越冬季新西兰，写给那些发生在路上的故事。,10,2000,独自一人,自驾 冬季
昆明,做自己的行者——爱上小众旅行,60,1000,三五好友,深度游
泸沽湖,泸沽湖：我在旅行的路上，你在哪儿？,4,1880,家庭,摄影 美食
涠洲岛,六月的风·涠洲岛的花开半夏,3,1300,独自一人,海滨海岛 夏季
敦煌,96年妹子一个人游走甘肃，七天时间，用1500元带你了解辽阔壮美的大西北风光,7,1500,独自一人,摄影 探险 人文
哈尔滨,不巧，北国没下雪。【哈尔滨-长春-延吉-长白山暴走9日】,9,1000,三五好友,深度游 赏秋
云龙,爱在远山·诺邓，这里没有诗也没有远方,3,700,独自一人,古镇 夏季
九华山,自驾九华山礼佛二日游,2,800,家庭,短途周末 自驾 徒步 人文 暑假
厦门,避开高峰期三天重走厦门的大街小巷,3,600,情侣,自驾 寒假
乌镇,春风十里，闺蜜周末休闲游乌镇,2,430,闺蜜,短途周末 自驾 古镇 踏春
西安,带着老、小游西安,5,1500,家庭,人文
象山,【一路向东】永嘉林坑、温岭石塘、渔山列岛纪行,1,700,家庭,自驾 夏季
顺德,#美食篇#“食在广东，厨出凤城”世界美食之都顺德！唯一让我悔恨胃不够用的地方！,1,1000,学生,穷游 古镇 美食 清明
厦门,佛系小伙伴的四人四天厦门行,3,2800,三五好友,美食 自驾 摄影
佛山,岭南文萃——佛山两日游,2,360,家庭,短途周末 五一
兰卡威,马来岛上的一颗蓝宝石—“蓝卡威”游记,4,2600,三五好友,海滨海岛 端午
漳州,日赏田螺坑，夜宿云水谣——漳州南靖两日游,2,660,家庭,短途周末 夏季
桑给巴尔,这里的海绝不会让你失望~~桑给巴尔岛两日游,2,2000,三五好友,短途周末
上海,上海怎么玩？最适合文艺小资的街道！让整个魔都充满文艺范儿（含上海青年旅行推荐）,3,1000,学生,深度游 毕业游 购物 摄影 夏季
潮州,除了美食，潮州还有这些瑰宝,2,425,独自一人,短途周末 夏季
厦门,厦门，一个随意走走都会爱上他的地方~,4,1000,学生,深度游 夏季
达州,四天三夜，趁着小假到重庆周边溜达溜达~,4,1000,学生,深度游 夏季
武汉,2018春分赏花指南！带上全家老小一起去踏春赏花（内含春分时节赏花注意事项）,1,200,亲子,短途周末 漫游 摄影 赏樱 踏春
宝鸡,趁着时光大好，周边小游一次~,3,1000,学生,第一次 冬季
成都,#成都美食篇#第一次到成都吃点啥？20家地道小吃推荐！让你立刻爱上成都~~,3,1000,学生,第一次 漫游 美食 夏季
成都,五天四夜小攻略，成都美食和美景都能一网打尽～,5,1000,独自一人,深度游 冬季
成都,成都+重庆的五天吃喝玩乐,6,2500,情侣,第一次
上海,魔都历史街区&名人故居1日游,1,100,独自一人,骑行 徒步 摄影 人文
西安,西安三天两夜详细攻略——佛系玩家必看,5,2000,闺蜜,第一次 短途周末 美食 踏春
上海,三月魔都行,1,100,独自一人,骑行 徒步 摄影 人文
黄山,美丽黄山之行,4,2300,独自一人,穷游 古镇 摄影 美食 探险 人文 冬季
大理,春风二月碧波上，大理两日慢时光，古城三塔洱海边，祥云一树银荆香（美景美食美文）,2,500,情侣,短途周末 自驾 漫游 古镇 摄影 美食 蜜月 人文 跨年 春节 踏春 寒假
呼和浩特,内蒙古旅游攻略之-（本地汉子带你玩转呼和浩特）,4,600,三五好友,深度游 夏季
西江,西江荔波行，寻找西进山水路,3,1200,三五好友,深度游 端午
平遥,周末小游，遇见平遥遇见你~,3,500,独自一人,深度游 冬季
武陵源,浪不完的夏天魅力湘西千年的等待张家界凤凰古城,5,2350,三五好友,深度游 徒步 摄影 踏春
五莲,钟情水墨五莲，醉心山水一禅,3,2000,三五好友,短途周末 人文 夏季
青岛,海岸山川，在崂山的盛夏里狂欢,3,2000,三五好友,短途周末 摄影 人文 夏季
丽水,行走画乡醉莲都,3,2000,三五好友,短途周末 摄影 人文 夏季
景宁,邂逅诗画景宁，艳遇淳美畲乡,3,1200,三五好友,短途周末 摄影 人文 冬季
昆山,14个江南水乡古镇联合申遗！趁着人少去感受江南水乡的柔情~~（内附古镇游攻略）,14,2000,情侣,漫游 古镇 摄影 蜜月 踏春 夏季
绍兴,文艺范？小清新？人少？有情调？这些冷门的江南古镇！满足你私奔式的毕业蜜月旅行,7,1000,情侣,漫游 毕业游 古镇 摄影 蜜月 夏季
苏州,三天两晚苏州吴中深秋美食之旅,3,2000,三五好友,摄影 人文 赏秋
南京,南京面试居然还有补贴？毕业生的超级福利！面试结束后，帮你1000元穷游南京~~,5,1000,学生,穷游 毕业游 摄影 美食 夏季
扬州,清明时节何处游？烟花三月下扬州。,3,700,家庭,第一次 徒步 古镇 人文 春节
北京,两会提出降低重点国有景区票价，盘点北方第一批5A级旅游景区！（附景区旅行贴士）,1,500,三五好友,短途周末 漫游 摄影 人文 夏季
顺德,最HǎO吃的顺德，最HàO吃的我们,3,900,情侣,自驾 摄影 美食 夏季
梅县,最HǎO吃的梅州，最HàO吃的我们,4,1900,情侣,自驾 摄影 美食 冬季
澳门,#澳门美食篇#澳门小吃知多少？这些美食上榜米其林推荐榜单~~还不去通通吃个遍,3,1500,学生,穷游 漫游 毕业游 美食 踏春 暑假
阳朔,【2018桂林】淡季漫游,5,1400,家庭,自驾 骑行 漫游 摄影 踏春 寒假
广州,四天三晚，和闺蜜说走就走的广州,4,2000,闺蜜,第一次 摄影 美食 冬季
上海,上海野生动物园&世纪公园休闲游,1,100,独自一人,徒步 摄影 人文
天津,天天乐道，津京有味！（天津+北京七天乐）,7,2000,家庭,深度游 摄影 美食 人文 春节
函馆,函馆景点一日通关游（含函馆市电一日券乘坐攻略）,1,500,情侣,短途周末 徒步 摄影 春节
南浔,在湖州遇见别样的江南古镇,3,1200,三五好友,第一次 古镇 人文 春节
北京,六天五晚北京家庭自由行,6,2500,家庭,漫游 春节
开封,开封上元灯会，灯火阑珊处的大宋古韵,3,500,三五好友,自驾 徒步 人文 春节
上海,发现徐家汇，钟情小马路,1,50,独自一人,徒步 人文 摄影
昭通,一场说走就走的旅行：昆明-抚仙湖,7,1200,家庭,自驾
新加坡,步履未停，心想狮城,5,500,情侣,第一次 穷游 圣诞
成都,西安寻宝之旅,5,1000,亲子,美食 人文
南京,元旦·南京┃在金陵的冬天，来一场穿越之旅,3,2300,情侣,短途周末 摄影 人文 冬季
长沙,一个吃货的长沙五天四晚游,5,1,独自一人,美食
北海,北海涠洲岛5日漫游～,5,1700,三五好友,美食 骑行 摄影 徒步
红河县,迤萨马帮城,3,600,家庭,深度游 冬季
重庆,2018重庆赏花指南！莫辜负这片花海~~（内附超实用的赏花信息及最佳路线）,7,2000,情侣,短途周末 漫游 古镇 摄影 赏樱 踏春
攻略,当你碰上清明小长假？会不会按耐不住躁动的心~带上这份人少好玩的旅行清单出发吧！,3,1500,三五好友,穷游 漫游 古镇 摄影 清明
广州,2018广州赏花指南！格桑花~向日葵百亩花海（内附观赏地交通、门票及赏花路线）,7,200,亲子,短途周末 漫游 摄影 赏樱 踏春
尼泊尔,尼泊尔的佛国净化~朝圣/徒步/观光自由行,15,2000,三五好友,深度游 徒步 环游 跨年 夏季
深圳,脱掉冬装！和萌娃一起一路玩转惠州巽寮湾、深圳大鹏半岛、香港三地,5,2100,家庭,海滨海岛 春节
厦门,海上鹭岛，云上厦门,3,1000,三五好友,摄影 海滨海岛 春节
云和,杭州到丽水随兴三天自驾游——放松之旅,3,1000,情侣,自驾 春节
西安,寻长安诗中留史，游西安食中流逝,3,1000,情侣,短途周末 摄影 美食 人文 冬季
南京,春节南京行——你好，再见,3,750,亲子,春节
西安,来西安过大年，体会最具中国味的年味！,7,1200,家庭,自驾 人文
南浔,民国东南财富宝地，如今是一处无商业气息的古镇,2,800,三五好友,深度游 古镇 春节 冬季 寒假
开封,【开封】众里寻她千百度，那人却在上元灯会中,2,800,三五好友,短途周末 摄影 人文 春节
上海,走走上海的小马路，看看旧时的名人故居,1,100,独自一人,徒步 人文
南京,回望南京数千载，唯有金陵城中美,3,1500,三五好友,短途周末 摄影 温泉 春节
张家界,魅力张家界大湘西之旅最新攻略,3,1680,三五好友,深度游 徒步 漫游 毕业游 摄影 夏季 暑假
无锡,迪士尼到无锡永远做公主，梦都被满足,4,2000,三五好友,短途周末 摄影 赏樱 清明
北京,3.7女生节|帝都妹子，和闺蜜约哪里？赏花、温泉、购物，用这些方式欢度女生节,1,1000,闺蜜,短途周末 漫游 购物 赏樱 温泉 踏春
长沙,凤凰古城张家界长沙自驾游,5,2000,亲子,自驾
东京,FP项目全部玩遍-东京迪士尼乐园通关攻略（超级详细）,1,600,情侣,第一次 短途周末 徒步 环游 春节
武汉,#春天去哪儿玩#来武汉赏花吧！2018年武汉周边最全的赏花地指南都在这儿~~,7,1000,情侣,短途周末 漫游 摄影 蜜月 赏樱 婚纱 踏春
岘港,岘港亲子游——打卡人生必去的全球50大景点之一,5,2500,亲子,第一次 短途周末 穷游 古镇 人文 海滨海岛 春节 冬季
沈阳,沈阳，一座不曾被历史遗忘的城市！,2,900,独自一人,短途周末 摄影 春节 冬季
三亚,六日游,10,2500,家庭,海滨海岛 自驾
香港,不走寻常路的香港两日游,2,600,独自一人,第一次 短途周末 漫游 冬季
平遥,晋善晋美（王家大院，平遥古城，壶口瀑布二日游）,2,510,家庭,古镇 春节
大同,"寻找500年的历史，大同,张家口3日游",4,1500,家庭,自驾
宜宾,春节宜宾乐山4日游,4,650,家庭,古镇 美食
南宁,南宁一贵州春节五日之行,5,3,家庭,自驾
枣庄,【汤包出走】去台儿庄之旅行汤包:老华寄的明信片,4,1000,情侣,古镇 摄影 美食
重庆,【风情贵州】飘飞的雪，承诺的人,7,1403,独自一人,漫游 古镇 摄影 春节
重庆,四川，说走就走，,8,1,独自一人,购物 美食 古镇 自驾 骑行 摄影 徒步
涠洲岛,涠洲岛2日自由行（纪实图集+深度攻略）,2,1167,独自一人,第一次 深度游 穷游 骑行 徒步 探险 海滨海岛 跨年 春节 冬季 寒假
杭州,漫步画桥，听风戏雨南柯一梦醉江南✈杭州篇,4,2400,三五好友,第一次 短途周末 漫游 摄影 美食 人文 圣诞
西江千户苗寨,2018春节，一路黔行!,4,1000,三五好友,古镇 自驾 人文
珠海,走！寻找最蓝的海——外伶仃岛二日游,2,840,家庭,自驾 徒步 海滨海岛 冬季
厦门,厦门～～一个让你逛吃逛吃的地方！！,5,1700,闺蜜,深度游 穷游 摄影 美食 冬季 寒假
苏州,春节出行，一个人游杭州乌镇苏州,5,2300,独自一人,春节
西塘,山野君心目中的四大江南古镇，你喜欢哪一个呢？,4,2000,三五好友,古镇 摄影 春节 寒假
台北,初见台湾#遇上地震，我和死神擦肩而过,6,2800,三五好友,美食 摄影 人文
平潭,新年里一场说走就走的旅行,5,800,家庭,海滨海岛 自驾 人文
青岛,青岛-----一个童话城市,3,2500,三五好友,第一次 短途周末 冬季
厦门,面朝大海，春暖花开――厦门亲子自由行,7,2700,亲子,海滨海岛 徒步 游轮 购物 摄影 人文 美食 骑行
北海,一个人的北海（北海银滩+老街两日自由行，图集／攻略）,2,1000,独自一人,穷游 徒步 漫游 探险 海滨海岛 跨年 春节 冬季 寒假
南京,探访六朝古都南京城寻找璀璨的国家宝藏,3,2000,三五好友,短途周末 人文 温泉 春节 踏春
萍乡,三天时间，徒步武功山,1,600,独自一人,徒步 冬季
上海,“上海”一个不止于美景的城市,6,2000,独自一人,徒步 摄影 美食 冬季
成都,（成都本地人推荐玩法）成都休闲二日游版本三，来了就不想走的城市！,2,300,三五好友,深度游 短途周末 美食 人文 冬季
黄山,五岳归来不看山，黄山归来不看岳,3,1900,三五好友,第一次 短途周末 古镇
杭州,你感到幸福吗？？杭州再次上榜十大幸福城市~~（内含史上最全的杭州景点盘点）,5,1500,情侣,深度游 古镇 摄影 美食 蜜月 夏季
重庆,Jerry的山城重庆吃鸡记,7,1800,三五好友,美食 毕业游
银川,风舞黄沙，银川如画，陪你浪迹天涯，看你笑靥如花。（镇北堡、黄沙古渡）,5,1500,情侣,第一次 深度游 漫游 摄影 美食 人文 赏枫 国庆
长沙,【湘】遇在没有星星的星城,3,1000,三五好友,短途周末 美食 人文 跨年
杭州,回大宋玩个穿越,2,1000,亲子,短途周末 寒假
揭阳,自驾揭阳浪漫养生之旅,3,1200,三五好友,冬季
蒙特雷,自驾穿越中断的1号公路,1,1000,三五好友,第一次 自驾 古镇 摄影 海滨海岛 踏春
厦门,攻略老厦门文艺潮人新玩法【沙坡尾-艺术西区-古早味】,2,200,三五好友,第一次 徒步 漫游 毕业游 跨年
平遥,我们的平遥古城之旅,2,1550,情侣,第一次 深度游 短途周末 古镇 摄影 美食 人文 冬季 寒假
杭州,笑妍日记之宋城——穿了个越，回到大宋过大年,2,800,情侣,短途周末 摄影 人文 春节
西安,西安成为“国家中心城市”一起去感受历史古都的魅力！！（附西安吃喝玩乐全攻略）,5,1500,学生,穷游 毕业游 摄影 美食 蜜月 踏春 五一 寒假
梅州,2018到梅州过大年，4天3晚看美景吃美食,4,1500,三五好友,自驾 春节
厦门,厦门：时光之旅,3,800,家庭,自驾 摄影 美食 海滨海岛 五一
舍夫沙万,人生最重要的5次旅行，但我居然只想来这里！！彩色摩洛哥适合不同时期的你~~,6,2000,情侣,海滨海岛 蜜月 美食 摄影 毕业游
上海,一次身心疲惫又内心激动的旅行——魔都上海,1,260,三五好友,徒步 摄影 人文
成都,从你的全世界路过——湘逢渝川：成都色达康定稻城亚丁重庆,12,2200,独自一人,徒步 人文
无锡,江南画卷水墨无锡——记冷冷暖暖国庆无锡三日游,3,1000,情侣,古镇 国庆 美食 摄影 人文
普洱,孟夏微光天上草原云中歌——铁蹄初试三天二晚穿越武功山羊狮,4,300,独自一人,徒步
三亚,飞往北纬18°过夏天，遇见三亚，咫尺天涯,5,1000,独自一人,海滨海岛
武功山,七月盛夏二日踏风行，又上云中草原武功山,2,200,独自一人,徒步
重庆,山城猫记,5,1800,独自一人,徒步 漫游 探险 跨年
开封,“豫”见黄河之南，“汴”是良辰美景,5,800,独自一人,人文
古镇,冬日的大街,1,80,独自一人,古镇
上海,上海旧时光,1,100,独自一人,徒步 人文 摄影
涠洲岛,【印象北海】十月涠洲，徜徉海滨,6,2300,独自一人,海滨海岛 美食 环游 潜水
大理,两个小白的云南之旅,7,2000,闺蜜,摄影 美食 古镇
厦门,2018年厦门侣行超强攻略~,5,2000,情侣,海滨海岛 摄影 环游 骑行
厦门,汉纸妈咪与二宝的厦门亲子游,3,2300,亲子,海滨海岛 美食 摄影 人文 游轮 短途周末 徒步 购物
池州,1300年前，一位金身佛系少年的故事,3,1000,三五好友,徒步 摄影 人文
暹粒,柬爱——柬埔寨行走记,5,2000,三五好友,人文 美食
围场,2017暑期第一游，领略北国风光，再走塞罕坝+多伦+太仆寺旗,5,500,家庭,自驾 摄影 暑假
云浮,六祖故里，大隐禅泉——云浮禅修温泉度假之旅,3,2000,三五好友,自驾 美食 摄影 短途周末 温泉
峨眉山,乐山峨眉山路线详解,3,500,闺蜜,徒步 摄影 美食 人文
佛山,邂逅暖冬，“粤”美丽,1,250,三五好友,古镇 美食 摄影 人文 短途周末
西安,2018跨年之旅，穿越古今梦回长安,3,1000,情侣,深度游 人文 跨年
黑水县,这个脱单圣地我们专门跑来叠罗汉和做雪上瑜伽,3,430,三五好友,徒步 摄影 探险
衡山,KK南岳衡山行,3,1000,三五好友,徒步 短途周末
重庆,【雾里识渝，辣也欢愉】在重庆，我告别了此生的鸳鸯锅,3,1500,情侣,摄影 美食
大连,【大连随笔】你看到的我是蓝色的。,3,2500,三五好友,摄影 美食 人文
围场,猎秋之旅，邂逅木兰围场那抹金色,4,1000,三五好友,自驾 摄影 赏秋
重庆,人在囧途——重庆,5,2000,闺蜜,美食 摄影 人文
莲花,九华山，莲花佛国的佛心禅意,3,1000,三五好友,摄影 美食 人文
南京,【带你游（国内）南京】4天南京自由行,4,2000,闺蜜,美食
青岛,青岛4日游-青岛环游记👣👣,4,2000,三五好友,美食 自驾 摄影
厦门,逃离你，我，他,6,2000,三五好友,海滨海岛 美食 环游
涠洲岛,向着大海，出发！时光在涠洲岛停泊,1,2500,三五好友,海滨海岛 美食 摄影 夏季
吉隆坡,吉隆坡、马六甲双城记：传统与现代共生,4,2900,三五好友,摄影 美食 人文 五一
大理,为心灵寻归处---大理休闲7日游,7,2100,情侣,游轮 古镇
漳州,逃离冬天，探秘土楼，去诗意青普享一次人文度假,2,2000,情侣,摄影 冬季 美食 人文 短途周末 探险
西安,西安•七日•不太穷的穷游•广州出发,7,2600,三五好友,美食 穷游 古镇 人文 徒步 购物
阿拉斯加,2018阿拉斯加游记（1.18-1.22）,5,2400,独自一人,短途周末
稻城,稻城亚丁一览川藏景色荟萃这里不只有你路过的全世界,4,2500,三五好友,徒步 摄影
祁县,从王家大院到乔家大院再看看晋祠,3,1000,独自一人,古镇
南京,杭州+南京之旅,3,1650,三五好友,短途周末
台北,一行五人，台风中的纵贯线7日环岛游,7,2500,三五好友,自驾 美食 环游 第一次
桂林,“桂林山水甲天下，水墨风景美如画”,5,2300,亲子,摄影 人文 美食 游轮 徒步 短途周末
顺德,邂逅南方艳阳，纵享岭南风情,1,100,三五好友,自驾 摄影 人文
西安,西安冬季4日游超详细！吃货必进！,4,1200,家庭,美食 踏春 冬季 骑行 徒步
济南,济南旅行：大明湖畔寻找夏雨荷的我，却偶遇九女泉仙女泉中戏水,5,800,情侣,美食
泸沽湖,三次寻梦之旅，小柒带你感受不一样泸沽湖,3,2000,三五好友,骑行 自驾 美食 摄影
甘孜,深秋再续高原情节之玛嘉沟、伍须海,4,980,情侣,徒步 摄影 赏秋
西安,逗逼母女逛西安,6,2000,家庭,购物 美食
漠河,去玩雪啦～哈尔滨漠河自由行,11,2300,三五好友,美食 人文
庐山,暴走15万步，去庐山圆一个女侠梦～,6,2000,情侣,摄影
拉萨,辞掉工作、卖掉房子，去远方～（二）——在最深的红尘里相遇（西藏游记）,5,2900,三五好友,摄影
青岛,青岛|三面郁葱环碧海，一山高下尽红楼,4,1800,情侣,海滨海岛 摄影
贡嘎,雪花散落在发梢，而我还在冰川等待,4,650,三五好友,徒步 摄影 探险
天台,拥抱仙山，皖南朝圣之旅,3,1500,三五好友,徒步 摄影 人文 短途周末
石垣岛,【猪猪&熊熊】三刷霓虹—在石垣岛躲台风&漫游冲绳,8,1500,三五好友,海滨海岛 漫游 美食 摄影 骑行
门头沟,行路难！行路难！京西古道，今安在？,1,140,三五好友,自驾 徒步
涠洲岛,北海以南|赴一场秋约，邂逅涠洲岛的日与夜,5,1000,独自一人,海滨海岛 摄影 短途周末
天津,三天时间，我们把天津变成了自助餐厅,3,600,三五好友,摄影 美食 短途周末
广州,广州吃货四日游,5,2000,家庭,美食
罗托鲁瓦,【寒露·纽国】北岛我们在新西兰享受的慢生活,7,2500,家庭,自驾 滑雪 摄影 人文 温泉
绍兴,绍兴3日游,3,900,情侣,美食 古镇 人文
苏州,五天四夜，遇见一个古典的、文艺的、现代的、美味的苏州,5,2500,闺蜜,古镇 购物 摄影 美食 人文
杭州,直把杭州作汴州，千古一瞬，梦回宋城～,5,1500,三五好友,古镇 美食 温泉
杭州,嘿，这里有一封杭州妹子的情书,4,900,独自一人,古镇 美食 摄影 人文
酉阳,探寻桃源秘境，情醉千年龚滩古镇,4,500,三五好友,古镇 摄影 探险
昆明,山美雪美你更美，诗情画意惹人醉——最美轿子雪山攻略及完美拍照指南,1,300,情侣,徒步 摄影 人文 短途周末 探险
克拉玛依,我有一卡车埋藏在北非的记忆,30,100,独自一人,摄影 人文
台儿庄,头枕运河，一夜爱恨家国梦；火舞钢花，最美民俗中国年；台儿庄，你不止是遗迹,3,1000,三五好友,古镇 美食 摄影 人文
桂林,#东南DX3夜猫行动#慢下来-关于桂林的点滴,4,1500,三五好友,古镇 美食 摄影 短途周末 毕业游
海口,属于青春的海口毕业旅游,4,700,三五好友,海滨海岛 美食 摄影 古镇 毕业游 骑行
吴江,苏州吴江黎里、芦墟古镇1日游,1,100,独自一人,古镇 摄影 人文 短途周末 徒步
香港,香港｜繁华掠影玩转小众,5,2000,三五好友,海滨海岛 美食 徒步
上海,重温上海.旧梦,1,50,独自一人,徒步 美食 摄影 人文 短途周末
阳朔,带娃住高颜值民宿，探索不一样的阳朔,4,2500,亲子,古镇 自驾 美食 短途周末 徒步 探险
上海,#我的2017#既想朝九晚五，又要浪迹天涯,9,1000,三五好友,古镇
海口,【海南】我决定，去踏浪……,4,1500,情侣,自驾
伊萨卡,能够握紧的秋天，就别放了——美东自驾寻秋的慢生活,5,1200,三五好友,自驾 摄影 赏枫 赏秋
台湾,#台湾夜市美食篇#盘点台湾七大夜市，告诉你哪些美食让人欲罢不能？,5,300,三五好友,摄影 美食 短途周末
嵊泗,7.1亿出游人潮中，我花1500元去了个景美人少的童话岛【浙江嵊泗】,4,1500,三五好友,海滨海岛 摄影
兴安盟,银冬内蒙古，冰雪中的童话世界,8,2000,三五好友,自驾 冬季 摄影
济南,一人游，寻找一个名为精致的济南,2,200,独自一人,短途周末
黄山,一生痴绝处，无梦到徽州,3,500,家庭,古镇 摄影 人文
台州,吃海鲜，采文旦，下潜艇，住海边别墅，冬季来台州过个快乐周末,3,1500,三五好友,海滨海岛 冬季 美食 短途周末 探险
阳朔,#东南DX3夜猫行动#阳朔｜那片水，那重山,1,2500,三五好友,古镇 自驾 美食 徒步
厦门,【厦门一个人旅行】四日游省钱又文艺，刷新我的朋友圈逼格,4,1800,独自一人,海滨海岛 美食 摄影 环游 人文
银川,说走就走的旅行，四天三夜，去西夏寻找神秘,4,1500,闺蜜,摄影 美食
南京,【瑞奇和雪宝携手游中国】初夏的爱情——南京纪行,2,1000,情侣,摄影 美食 夏季
哈尔滨,#哈尔滨美食篇#来哈尔滨看雪的同时，也要用美食填饱肚子！,5,1000,三五好友,购物 美食 摄影 短途周末
上海,【瑞奇和雪宝携手游中国】博物馆奇妙日——上海纪行,3,1000,情侣,摄影 美食 人文
阳朔,带着父亲自驾游阳朔，赴一场超有仪式感的旅行,4,1500,家庭,自驾 美食 摄影 古镇
三亚,这个冬天，你在北方冰雪中瑟瑟发抖，我在三亚大海边大汗淋漓！,3,2500,独自一人,摄影 冬季 美食 短途周末
嵊泗,闲逛枸杞岛嵊山岛，吃海鲜，踏海浪，看日落,3,1500,三五好友,海滨海岛 美食 摄影
